id,title,description,link,image_link,price,brand,condition,availability,color,google_product_category,custom_label_0,custom_label_1,custom_label_2
1G1YB2D46T5103431,2026 Chevrolet Corvette Stingray RWD,"2026 Chevrolet Corvette Stingray RWD — 7,214 miles — used — Roswell Green Metallic",https://majorworld.com/inventory/2026-chevrolet-corvette-stingray-rwd-2/,https://assets.cai-media-management.com/resize/640x640/common-vehicle-media/af5bc2a0-a3c0-41a4-b467-7d0005315711.jpg,98888.00 USD,Chevrolet,used,in_stock,Roswell Green Metallic,"Vehicles & Parts > Vehicles > Motor Vehicles > Cars, Trucks & Vans",COUPE,2026,AUTOMATIC
4JGFF5KE3SB437606,2025 Mercedes-Benz GLS GLS 450 4MATIC®,"2025 Mercedes-Benz GLS GLS 450 4MATIC® — 25,193 miles — used — Polar White",https://majorworld.com/inventory/2025-mercedes-benz-gls-gls-450-4matic/,https://assets.cai-media-management.com/resize/640x640/common-vehicle-media/7e6994f1-f694-4bb1-860a-cc4fee3c94be.jpg,72995.00 USD,Mercedes-Benz,used,in_stock,Polar White,"Vehicles & Parts > Vehicles > Motor Vehicles > Cars, Trucks & Vans",SUV,2025,AUTOMATIC
1G1YC3D49N5109245,2022 Chevrolet Corvette Stingray RWD,"2022 Chevrolet Corvette Stingray RWD — 31,433 miles — used — Torch Red",https://majorworld.com/inventory/2022-chevrolet-corvette-stingray-rwd/,https://assets.cai-media-management.com/resize/640x640/common-vehicle-media/795fac7c-6ee9-41c9-b625-15dddb547fdd.jpg,69995.00 USD,Chevrolet,used,in_stock,Torch Red,"Vehicles & Parts > Vehicles > Motor Vehicles > Cars, Trucks & Vans",COUPE,2022,AUTOMATIC
1GC4YREY5RF324522,2024 Chevrolet Silverado 2500HD High Country 4WD,"2024 Chevrolet Silverado 2500HD High Country 4WD — 37,481 miles — used — Iridescent Pearl Tricoat",https://majorworld.com/inventory/2024-chevrolet-silverado-2500hd-high-country-4wd/,https://assets.cai-media-management.com/resize/640x640/common-vehicle-media/1b393e12-d400-4ff2-9b3c-7efc95fdbef6.jpg,69995.00 USD,Chevrolet,used,in_stock,Iridescent Pearl Tricoat,"Vehicles & Parts > Vehicles > Motor Vehicles > Cars, Trucks & Vans",PICKUP,2024,AUTOMATIC
5UX33EX05S9X59876,2025 BMW X6 xDrive40i AWD,"2025 BMW X6 xDrive40i AWD — 41,885 miles — used — Black Sapphire Metallic",https://majorworld.com/inventory/2025-bmw-x6-xdrive40i-awd/,https://assets.cai-media-management.com/resize/640x640/common-vehicle-media/e910244e-cc0b-48ac-aca7-0eb8a113ff1e.jpg,62800.00 USD,BMW,used,in_stock,Black Sapphire Metallic,"Vehicles & Parts > Vehicles > Motor Vehicles > Cars, Trucks & Vans",CROSSOVER,2025,AUTOMATIC
W1W9ED3Y0NT088771,2022 Mercedes-Benz Sprinter 4500 Extended Cargo Van 170 in. WB RWD,"2022 Mercedes-Benz Sprinter 4500 Extended Cargo Van 170 in. WB RWD — 4,165 miles — used — Graphite Gray",https://majorworld.com/inventory/2022-mercedes-benz-sprinter-4500-extended-cargo-van-170-in-wb-rwd/,https://assets.cai-media-management.com/resize/640x640/common-vehicle-media/225b6f73-d311-4fdd-87d5-16f7e0f2fcc1.jpg,59995.00 USD,Mercedes-Benz,used,in_stock,Graphite Gray,"Vehicles & Parts > Vehicles > Motor Vehicles > Cars, Trucks & Vans",VAN,2022,AUTOMATIC
5UX23EU05S9W33212,2025 BMW X5 xDrive40i AWD,"2025 BMW X5 xDrive40i AWD — 31,864 miles — used — Black Sapphire Metallic",https://majorworld.com/inventory/2025-bmw-x5-xdrive40i-awd/,https://assets.cai-media-management.com/resize/640x640/common-vehicle-media/49db73c5-6462-4881-82ca-4e9abedd351a.jpg,59995.00 USD,BMW,used,in_stock,Black Sapphire Metallic,"Vehicles & Parts > Vehicles > Motor Vehicles > Cars, Trucks & Vans",SUV,2025,AUTOMATIC
1C6SRFFT6TN212743,2026 Ram 1500 Big Horn/Lone Star 4WD,2026 Ram 1500 Big Horn/Lone Star 4WD — 22 miles — used — Forged Blue Metallic,https://majorworld.com/inventory/2026-ram-1500-big-horn-lone-star-4wd/,https://assets.cai-media-management.com/resize/640x640/common-vehicle-media/5eff902f-a425-4818-b052-3e9992d062db.jpg,58888.00 USD,Ram,used,in_stock,Forged Blue Metallic,"Vehicles & Parts > Vehicles > Motor Vehicles > Cars, Trucks & Vans",PICKUP,2026,AUTOMATIC
4JGFF5KE1PA987352,2023 Mercedes-Benz GLS GLS 450 4MATIC®,"2023 Mercedes-Benz GLS GLS 450 4MATIC® — 39,878 miles — used — Polar White",https://majorworld.com/inventory/2023-mercedes-benz-gls-gls-450-4matic-2/,https://assets.cai-media-management.com/resize/640x640/common-vehicle-media/a57452fa-afcb-4ae1-937a-e166c3cdae25.jpg,58888.00 USD,Mercedes-Benz,used,in_stock,Polar White,"Vehicles & Parts > Vehicles > Motor Vehicles > Cars, Trucks & Vans",SUV,2023,AUTOMATIC
4JGFF5KE0PA947117,2023 Mercedes-Benz GLS GLS 450 4MATIC®,"2023 Mercedes-Benz GLS GLS 450 4MATIC® — 50,963 miles — used — Black",https://majorworld.com/inventory/2023-mercedes-benz-gls-gls-450-4matic/,https://assets.cai-media-management.com/resize/640x640/common-vehicle-media/37fabb1e-963a-4007-b854-9757a426237d.jpg,56888.00 USD,Mercedes-Benz,used,in_stock,Black,"Vehicles & Parts > Vehicles > Motor Vehicles > Cars, Trucks & Vans",SUV,2023,AUTOMATIC
WA1ACBF76SD002840,2025 Audi Q7 45 Premium quattro,"2025 Audi Q7 45 Premium quattro — 2,876 miles — used — Samurai Gray Metallic",https://majorworld.com/inventory/2025-audi-q7-45-premium-quattro/,https://assets.cai-media-management.com/resize/640x640/common-vehicle-media/1ea82c53-2e43-464c-a410-01ed6f160aae.jpg,55800.00 USD,Audi,used,in_stock,Samurai Gray Metallic,"Vehicles & Parts > Vehicles > Motor Vehicles > Cars, Trucks & Vans",SUV,2025,AUTOMATIC
1C6SRFRP3SN547536,2025 Ram 1500 Laramie 4WD,2025 Ram 1500 Laramie 4WD — 402 miles — used — Ivory White Tri-Coat Pearlcoat,https://majorworld.com/inventory/2025-ram-1500-laramie-4wd/,https://assets.cai-media-management.com/resize/640x640/common-vehicle-media/d76a997a-6677-4ec0-8dec-fb279ce5f792.jpg,54800.00 USD,Ram,used,in_stock,Ivory White Tri-Coat Pearlcoat,"Vehicles & Parts > Vehicles > Motor Vehicles > Cars, Trucks & Vans",PICKUP,2025,AUTOMATIC
WAULDAF82PN002363,2023 Audi A8 L 55 quattro,"2023 Audi A8 L 55 quattro — 13,103 miles — used — Mythos Black Metallic",https://majorworld.com/inventory/2023-audi-a8-l-55-quattro/,https://assets.cai-media-management.com/resize/640x640/common-vehicle-media/96e94eee-2b2b-4780-b24d-228ceaf8ef72.jpg,54800.00 USD,Audi,used,in_stock,Mythos Black Metallic,"Vehicles & Parts > Vehicles > Motor Vehicles > Cars, Trucks & Vans",SEDAN,2023,AUTOMATIC
1GNSKNKD5RR135099,2024 Chevrolet Tahoe LT 4WD,"2024 Chevrolet Tahoe LT 4WD — 39,296 miles — used — Black",https://majorworld.com/inventory/2024-chevrolet-tahoe-lt-4wd/,https://assets.cai-media-management.com/resize/640x640/common-vehicle-media/f31434b7-528b-4f7e-b3e9-606458863edf.jpg,53888.00 USD,Chevrolet,used,in_stock,Black,"Vehicles & Parts > Vehicles > Motor Vehicles > Cars, Trucks & Vans",SUV,2024,AUTOMATIC
1GNSKNKD6NR335144,2022 Chevrolet Tahoe LT 4WD,"2022 Chevrolet Tahoe LT 4WD — 28,994 miles — used — Summit White",https://majorworld.com/inventory/2022-chevrolet-tahoe-lt-4wd/,https://assets.cai-media-management.com/resize/640x640/common-vehicle-media/84d93cc9-1607-4564-ab37-7b4d200dcf6a.jpg,53800.00 USD,Chevrolet,used,in_stock,Summit White,"Vehicles & Parts > Vehicles > Motor Vehicles > Cars, Trucks & Vans",SUV,2022,AUTOMATIC
3GTUUGE82PG240721,2023 GMC Sierra 1500 Denali 4WD,"2023 GMC Sierra 1500 Denali 4WD — 22,873 miles — used — Volcanic Red Tintcoat",https://majorworld.com/inventory/2023-gmc-sierra-1500-denali-4wd/,https://assets.cai-media-management.com/resize/640x640/common-vehicle-media/74c59973-2d90-4116-aa0e-952572224eb1.jpg,52995.00 USD,GMC,used,in_stock,Volcanic Red Tintcoat,"Vehicles & Parts > Vehicles > Motor Vehicles > Cars, Trucks & Vans",PICKUP,2023,AUTOMATIC
5UX23EU09S9W32211,2025 BMW X5 xDrive40i AWD,"2025 BMW X5 xDrive40i AWD — 43,867 miles — used — Brooklyn Grey Metallic",https://majorworld.com/inventory/2025-bmw-x5-xdrive40i-awd-2/,https://assets.cai-media-management.com/resize/640x640/common-vehicle-media/19f16f1f-6d3e-4d89-9412-540f63d3503b.jpg,52995.00 USD,BMW,used,in_stock,Brooklyn Grey Metallic,"Vehicles & Parts > Vehicles > Motor Vehicles > Cars, Trucks & Vans",SUV,2025,AUTOMATIC
2GCUKDED6T1108078,2026 Chevrolet Silverado 1500 LT 4WD,2026 Chevrolet Silverado 1500 LT 4WD — 626 miles — used — Summit White,https://majorworld.com/inventory/2026-chevrolet-silverado-1500-lt-4wd/,https://assets.cai-media-management.com/resize/640x640/common-vehicle-media/aa2b8bfc-1460-4031-8701-3f41e39ccd54.jpg,51995.00 USD,Chevrolet,used,in_stock,Summit White,"Vehicles & Parts > Vehicles > Motor Vehicles > Cars, Trucks & Vans",PICKUP,2026,AUTOMATIC
4JGFB4FE6RB044919,2024 Mercedes-Benz GLE GLE 350 4MATIC®,"2024 Mercedes-Benz GLE GLE 350 4MATIC® — 37,180 miles — used — Black",https://majorworld.com/inventory/2024-mercedes-benz-gle-gle-350-4matic/,https://assets.cai-media-management.com/resize/640x640/common-vehicle-media/cef406c8-0491-4608-8349-5dffc1eca787.jpg,51995.00 USD,Mercedes-Benz,used,in_stock,Black,"Vehicles & Parts > Vehicles > Motor Vehicles > Cars, Trucks & Vans",SUV,2024,AUTOMATIC
1FMEE9BP9RLA75941,2024 Ford Bronco Badlands 4WD,"2024 Ford Bronco Badlands 4WD — 31,178 miles — used — Velocity Blue Metallic",https://majorworld.com/inventory/2024-ford-bronco-badlands-4wd/,https://assets.cai-media-management.com/resize/640x640/common-vehicle-media/ec72ecbd-8bec-4a20-b5eb-857376bf22e6.jpg,51887.00 USD,Ford,used,in_stock,Velocity Blue Metallic,"Vehicles & Parts > Vehicles > Motor Vehicles > Cars, Trucks & Vans",SEDAN,2024,AUTOMATIC
WA1LCBF76SD004211,2025 Audi Q7 45 Premium Plus quattro,"2025 Audi Q7 45 Premium Plus quattro — 21,103 miles — used — Mythos Black Metallic",https://majorworld.com/inventory/2025-audi-q7-45-premium-plus-quattro-2/,https://assets.cai-media-management.com/resize/640x640/common-vehicle-media/e096e85e-2c20-4f0b-8ad3-870174ff611f.jpg,51800.00 USD,Audi,used,in_stock,Mythos Black Metallic,"Vehicles & Parts > Vehicles > Motor Vehicles > Cars, Trucks & Vans",SUV,2025,AUTOMATIC
WBA53FJ09TCU96964,2026 BMW 5 Series 530i xDrive AWD,"2026 BMW 5 Series 530i xDrive AWD — 23,542 miles — used — Dark Graphite Metallic",https://majorworld.com/inventory/2026-bmw-5-series-530i-xdrive-awd-2/,https://assets.cai-media-management.com/resize/640x640/common-vehicle-media/1bc37403-7034-4482-830d-abc85b309d8e.jpg,51800.00 USD,BMW,used,in_stock,Dark Graphite Metallic,"Vehicles & Parts > Vehicles > Motor Vehicles > Cars, Trucks & Vans",SEDAN,2026,AUTOMATIC
5UX23EU02S9W32194,2025 BMW X5 xDrive40i AWD,"2025 BMW X5 xDrive40i AWD — 49,602 miles — used — Black Sapphire Metallic",https://majorworld.com/inventory/2025-bmw-x5-xdrive40i-awd-3/,https://assets.cai-media-management.com/resize/640x640/common-vehicle-media/82f56323-3cf9-4781-9aff-093e65d19ef3.jpg,51800.00 USD,BMW,used,in_stock,Black Sapphire Metallic,"Vehicles & Parts > Vehicles > Motor Vehicles > Cars, Trucks & Vans",SUV,2025,AUTOMATIC
WA1LCBF78SD001505,2025 Audi Q7 45 Premium Plus quattro,"2025 Audi Q7 45 Premium Plus quattro — 23,451 miles — used — Mythos Black Metallic",https://majorworld.com/inventory/2025-audi-q7-45-premium-plus-quattro/,https://assets.cai-media-management.com/resize/640x640/common-vehicle-media/80f7771e-cdf9-4f73-8677-d41b8fdef4a0.jpg,49995.00 USD,Audi,used,in_stock,Mythos Black Metallic,"Vehicles & Parts > Vehicles > Motor Vehicles > Cars, Trucks & Vans",SUV,2025,AUTOMATIC
4JGFB4FB8SB480229,2025 Mercedes-Benz GLE GLE 350 4MATIC®,"2025 Mercedes-Benz GLE GLE 350 4MATIC® — 22,103 miles — used — Black",https://majorworld.com/inventory/2025-mercedes-benz-gle-gle-350-4matic/,https://assets.cai-media-management.com/resize/640x640/common-vehicle-media/666c2db6-d584-4625-b625-3b1505132b14.jpg,49888.00 USD,Mercedes-Benz,used,in_stock,Black,"Vehicles & Parts > Vehicles > Motor Vehicles > Cars, Trucks & Vans",SUV,2025,AUTOMATIC
WBA53FJ00TCV05745,2026 BMW 5 Series 530i xDrive AWD,"2026 BMW 5 Series 530i xDrive AWD — 27,722 miles — used — Mineral White Metallic",https://majorworld.com/inventory/2026-bmw-5-series-530i-xdrive-awd/,https://assets.cai-media-management.com/resize/640x640/common-vehicle-media/c07836e6-4557-4113-ad86-df4a05b9c9f9.jpg,49888.00 USD,BMW,used,in_stock,Mineral White Metallic,"Vehicles & Parts > Vehicles > Motor Vehicles > Cars, Trucks & Vans",SEDAN,2026,AUTOMATIC
1FTFW1E82PFA29553,2023 Ford F-150 XLT 4WD,"2023 Ford F-150 XLT 4WD — 29,069 miles — used — Stone Gray Metallic",https://majorworld.com/inventory/2023-ford-f-150-xlt-4wd-2/,https://assets.cai-media-management.com/resize/640x640/common-vehicle-media/a9afc8db-a8ee-43e4-a5bf-ab2956fd93bf.jpg,49888.00 USD,Ford,used,in_stock,Stone Gray Metallic,"Vehicles & Parts > Vehicles > Motor Vehicles > Cars, Trucks & Vans",PICKUP,2023,AUTOMATIC
1GNEVLKS8RJ154137,2024 Chevrolet Traverse RS AWD,"2024 Chevrolet Traverse RS AWD — 22,135 miles — used — Sterling Gray Metallic",https://majorworld.com/inventory/2024-chevrolet-traverse-rs-awd/,https://assets.cai-media-management.com/resize/640x640/common-vehicle-media/9331df41-939f-4d4e-a898-b870681c9996.jpg,48888.00 USD,Chevrolet,used,in_stock,Sterling Gray Metallic,"Vehicles & Parts > Vehicles > Motor Vehicles > Cars, Trucks & Vans",SUV,2024,AUTOMATIC
4JGFB4FE0RB050165,2024 Mercedes-Benz GLE GLE 350 4MATIC®,"2024 Mercedes-Benz GLE GLE 350 4MATIC® — 50,088 miles — used — Black",https://majorworld.com/inventory/2024-mercedes-benz-gle-gle-350-4matic-2/,https://assets.cai-media-management.com/resize/640x640/common-vehicle-media/96e4bbfe-9275-46f5-ad55-d953605fda46.jpg,48888.00 USD,Mercedes-Benz,used,in_stock,Black,"Vehicles & Parts > Vehicles > Motor Vehicles > Cars, Trucks & Vans",SUV,2024,AUTOMATIC
5TDAAAB54SS083612,2025 Toyota Grand Highlander XLE AWD,"2025 Toyota Grand Highlander XLE AWD — 18,978 miles — used — Midnight Black Metallic",https://majorworld.com/inventory/2025-toyota-grand-highlander-xle-awd-3/,https://assets.cai-media-management.com/resize/640x640/common-vehicle-media/e861265c-f658-423f-8adf-cd77b16fe946.jpg,47995.00 USD,Toyota,used,in_stock,Midnight Black Metallic,"Vehicles & Parts > Vehicles > Motor Vehicles > Cars, Trucks & Vans",SUV,2025,AUTOMATIC
5TDAAAB51SS082501,2025 Toyota Grand Highlander XLE AWD,"2025 Toyota Grand Highlander XLE AWD — 19,067 miles — used — Storm Cloud",https://majorworld.com/inventory/2025-toyota-grand-highlander-xle-awd-7/,https://assets.cai-media-management.com/resize/640x640/common-vehicle-media/333f16a0-4e68-424c-baeb-07a17acf7840.jpg,47995.00 USD,Toyota,used,in_stock,Storm Cloud,"Vehicles & Parts > Vehicles > Motor Vehicles > Cars, Trucks & Vans",SUV,2025,AUTOMATIC
1FTEW1EP7PKD64379,2023 Ford F-150 XLT 4WD,"2023 Ford F-150 XLT 4WD — 49,864 miles — used — Avalanche Gray",https://majorworld.com/inventory/2023-ford-f-150-xlt-4wd/,https://assets.cai-media-management.com/resize/640x640/common-vehicle-media/76f30131-03b9-45e6-9b70-b75ccc2dea8f.jpg,47995.00 USD,Ford,used,in_stock,Avalanche Gray,"Vehicles & Parts > Vehicles > Motor Vehicles > Cars, Trucks & Vans",PICKUP,2023,AUTOMATIC
5UX53GP08T9188728,2026 BMW X3 30 xDrive AWD,"2026 BMW X3 30 xDrive AWD — 17,829 miles — used — Black Sapphire Metallic",https://majorworld.com/inventory/2026-bmw-x3-30-xdrive-awd/,https://assets.cai-media-management.com/resize/640x640/common-vehicle-media/ad827022-5b5e-45b3-9305-62be2ef777a7.jpg,47888.00 USD,BMW,used,in_stock,Black Sapphire Metallic,"Vehicles & Parts > Vehicles > Motor Vehicles > Cars, Trucks & Vans",CROSSOVER,2026,AUTOMATIC
5TDAAAA50SS020069,2025 Toyota Grand Highlander XLE FWD,"2025 Toyota Grand Highlander XLE FWD — 14,231 miles — used — Storm Cloud",https://majorworld.com/inventory/2025-toyota-grand-highlander-xle-fwd/,https://assets.cai-media-management.com/resize/640x640/common-vehicle-media/4b22de6a-9780-467b-8a65-df2dabd439c6.jpg,46995.00 USD,Toyota,used,in_stock,Storm Cloud,"Vehicles & Parts > Vehicles > Motor Vehicles > Cars, Trucks & Vans",SUV,2025,AUTOMATIC
WAULDAF89NN005323,2022 Audi A8 L 55 quattro,"2022 Audi A8 L 55 quattro — 27,981 miles — used — Mythos Black Metallic",https://majorworld.com/inventory/2022-audi-a8-l-55-quattro-2/,https://assets.cai-media-management.com/resize/640x640/common-vehicle-media/adf212dc-dcba-4a7f-83ce-b487dec736f2.jpg,46995.00 USD,Audi,used,in_stock,Mythos Black Metallic,"Vehicles & Parts > Vehicles > Motor Vehicles > Cars, Trucks & Vans",SEDAN,2022,AUTOMATIC
3GCUDEE88RG152344,2024 Chevrolet Silverado 1500 RST 4WD,"2024 Chevrolet Silverado 1500 RST 4WD — 35,349 miles — used — Summit White",https://majorworld.com/inventory/2024-chevrolet-silverado-1500-rst-4wd/,https://assets.cai-media-management.com/resize/640x640/common-vehicle-media/4dda9215-f522-46cd-8a38-0fd36a7c23aa.jpg,46800.00 USD,Chevrolet,used,in_stock,Summit White,"Vehicles & Parts > Vehicles > Motor Vehicles > Cars, Trucks & Vans",PICKUP,2024,AUTOMATIC
5TDAAAB56RS019551,2024 Toyota Grand Highlander Limited AWD,"2024 Toyota Grand Highlander Limited AWD — 41,534 miles — used — Celestial Silver Metallic",https://majorworld.com/inventory/2024-toyota-grand-highlander-limited-awd/,https://assets.cai-media-management.com/resize/640x640/common-vehicle-media/a7babc8a-8d97-4239-b3b0-3458c88657cd.jpg,46800.00 USD,Toyota,used,in_stock,Celestial Silver Metallic,"Vehicles & Parts > Vehicles > Motor Vehicles > Cars, Trucks & Vans",SUV,2024,AUTOMATIC
5UX13EU05R9U03692,2024 BMW X5 sDrive40i RWD,"2024 BMW X5 sDrive40i RWD — 43,234 miles — used — Alpine White",https://majorworld.com/inventory/2024-bmw-x5-sdrive40i-rwd-5/,https://assets.cai-media-management.com/resize/640x640/common-vehicle-media/b76601fb-d23b-490d-9994-67f9fae20899.jpg,46800.00 USD,BMW,used,in_stock,Alpine White,"Vehicles & Parts > Vehicles > Motor Vehicles > Cars, Trucks & Vans",SUV,2024,AUTOMATIC
5UX13EU07R9V76405,2024 BMW X5 sDrive40i RWD,"2024 BMW X5 sDrive40i RWD — 44,754 miles — used — Mineral White Metallic",https://majorworld.com/inventory/2024-bmw-x5-sdrive40i-rwd-12/,https://assets.cai-media-management.com/resize/640x640/common-vehicle-media/de6037b2-7838-476e-9d7e-4d2a35528ca6.jpg,46800.00 USD,BMW,used,in_stock,Mineral White Metallic,"Vehicles & Parts > Vehicles > Motor Vehicles > Cars, Trucks & Vans",SUV,2024,AUTOMATIC
5FNYG1H46SB046514,2025 Honda Pilot EX-L AWD,"2025 Honda Pilot EX-L AWD — 8,383 miles — used — Modern Steel Metallic",https://majorworld.com/inventory/2025-honda-pilot-ex-l-awd-2/,https://assets.cai-media-management.com/resize/640x640/common-vehicle-media/e4a54cb0-bac4-4d2d-8fd6-3e3544b20df7.jpg,45995.00 USD,Honda,used,in_stock,Modern Steel Metallic,"Vehicles & Parts > Vehicles > Motor Vehicles > Cars, Trucks & Vans",SUV,2025,AUTOMATIC
5UX13EU0XR9T54229,2024 BMW X5 sDrive40i RWD,"2024 BMW X5 sDrive40i RWD — 44,074 miles — used — Mineral White Metallic",https://majorworld.com/inventory/2024-bmw-x5-sdrive40i-rwd-7/,https://assets.cai-media-management.com/resize/640x640/common-vehicle-media/5a390baf-427f-42e2-a7ed-01e00e3a699d.jpg,45800.00 USD,BMW,used,in_stock,Mineral White Metallic,"Vehicles & Parts > Vehicles > Motor Vehicles > Cars, Trucks & Vans",SUV,2024,AUTOMATIC
1GNSCNKD5RR136931,2024 Chevrolet Tahoe LT RWD,"2024 Chevrolet Tahoe LT RWD — 47,132 miles — used — Summit White",https://majorworld.com/inventory/2024-chevrolet-tahoe-lt-rwd/,https://assets.cai-media-management.com/resize/640x640/common-vehicle-media/b5ca5e2c-5ee1-4485-a121-f74d578eba02.jpg,45800.00 USD,Chevrolet,used,in_stock,Summit White,"Vehicles & Parts > Vehicles > Motor Vehicles > Cars, Trucks & Vans",SUV,2024,AUTOMATIC
1C4RJHBG5RC215608,2024 Jeep Grand Cherokee Limited 4WD,2024 Jeep Grand Cherokee Limited 4WD — 486 miles — used — Baltic Gray Metallic Clearcoat,https://majorworld.com/inventory/2024-jeep-grand-cherokee-limited-4wd-2/,https://assets.cai-media-management.com/resize/640x640/common-vehicle-media/68a02cb9-bd42-4c32-acd5-0f96b1d0957e.jpg,44995.00 USD,Jeep,used,in_stock,Baltic Gray Metallic Clearcoat,"Vehicles & Parts > Vehicles > Motor Vehicles > Cars, Trucks & Vans",SUV,2024,AUTOMATIC
1C4SJUBP2RS177139,2024 Jeep Wagoneer Series II RWD,"2024 Jeep Wagoneer Series II RWD — 34,382 miles — used — Velvet Red Pearlcoat",https://majorworld.com/inventory/2024-jeep-wagoneer-series-ii-rwd/,https://assets.cai-media-management.com/resize/640x640/common-vehicle-media/1bbb55c0-9b4b-462f-8929-3d754cce958e.jpg,44995.00 USD,Jeep,used,in_stock,Velvet Red Pearlcoat,"Vehicles & Parts > Vehicles > Motor Vehicles > Cars, Trucks & Vans",WAGON,2024,AUTOMATIC
5UX13EU0XR9U03932,2024 BMW X5 sDrive40i RWD,"2024 BMW X5 sDrive40i RWD — 48,200 miles — used — Brooklyn Gray Metallic",https://majorworld.com/inventory/2024-bmw-x5-sdrive40i-rwd-2/,https://assets.cai-media-management.com/resize/640x640/common-vehicle-media/2eb44979-fa6f-4aa3-bf55-267623e0a76b.jpg,44995.00 USD,BMW,used,in_stock,Brooklyn Gray Metallic,"Vehicles & Parts > Vehicles > Motor Vehicles > Cars, Trucks & Vans",SUV,2024,AUTOMATIC
5J8YE1H36RL036443,2024 Acura MDX 3.5L AWD,"2024 Acura MDX 3.5L AWD — 16,593 miles — used — Majestic Black Pearl",https://majorworld.com/inventory/2024-acura-mdx-3-5l-awd/,https://assets.cai-media-management.com/resize/640x640/common-vehicle-media/34e598bc-ac2f-4d36-b035-6fcbeb281cc3.jpg,44800.00 USD,Acura,used,in_stock,Majestic Black Pearl,"Vehicles & Parts > Vehicles > Motor Vehicles > Cars, Trucks & Vans",SUV,2024,AUTOMATIC
5UX13EU0XR9U94586,2024 BMW X5 sDrive40i RWD,"2024 BMW X5 sDrive40i RWD — 47,128 miles — used — Mineral White Metallic",https://majorworld.com/inventory/2024-bmw-x5-sdrive40i-rwd-8/,https://assets.cai-media-management.com/resize/640x640/common-vehicle-media/2c1a09c9-4f15-4386-b2fa-e9b14b6eeacc.jpg,44800.00 USD,BMW,used,in_stock,Mineral White Metallic,"Vehicles & Parts > Vehicles > Motor Vehicles > Cars, Trucks & Vans",SUV,2024,AUTOMATIC
3C6LRVBG8SE558660,2025 Ram ProMaster 1500 Base FWD,2025 Ram ProMaster 1500 Base FWD — 17 miles — used — Black Clearcoat,https://majorworld.com/inventory/2025-ram-promaster-1500-base-fwd-3/,https://assets.cai-media-management.com/resize/640x640/common-vehicle-media/253111e6-ffd0-41dd-b3b8-1ec5b2bd7d42.jpg,43800.00 USD,Ram,used,in_stock,Black Clearcoat,"Vehicles & Parts > Vehicles > Motor Vehicles > Cars, Trucks & Vans",VAN,2025,AUTOMATIC
JN8AZ2AEXR9329706,2024 INFINITI QX80 LUXE 4WD,"2024 INFINITI QX80 LUXE 4WD — 53,988 miles — used — Hermosa Blue",https://majorworld.com/inventory/2024-infiniti-qx80-luxe-4wd/,https://assets.cai-media-management.com/resize/640x640/common-vehicle-media/ada041eb-75d9-429b-8606-02c44772dd9c.jpg,43800.00 USD,INFINITI,used,in_stock,Hermosa Blue,"Vehicles & Parts > Vehicles > Motor Vehicles > Cars, Trucks & Vans",SUV,2024,AUTOMATIC
3C6LRVDG1SE550381,2025 Ram ProMaster 2500 High Roof FWD,2025 Ram ProMaster 2500 High Roof FWD — 8 miles — used — Bright White Clearcoat,https://majorworld.com/inventory/2025-ram-promaster-2500-high-roof-fwd-5/,https://assets.cai-media-management.com/resize/640x640/common-vehicle-media/3f28d278-4b42-4b49-a342-2d72b19c662b.jpg,42995.00 USD,Ram,used,in_stock,Bright White Clearcoat,"Vehicles & Parts > Vehicles > Motor Vehicles > Cars, Trucks & Vans",VAN,2025,AUTOMATIC
3C6LRVDG7SE552295,2025 Ram ProMaster 2500 High Roof FWD,2025 Ram ProMaster 2500 High Roof FWD — 11 miles — used — Bright White Clearcoat,https://majorworld.com/inventory/2025-ram-promaster-2500-high-roof-fwd-2/,https://assets.cai-media-management.com/resize/640x640/common-vehicle-media/6ad07d1f-094f-4665-b657-281cc9243bdd.jpg,42995.00 USD,Ram,used,in_stock,Bright White Clearcoat,"Vehicles & Parts > Vehicles > Motor Vehicles > Cars, Trucks & Vans",VAN,2025,AUTOMATIC
3C6LRVBG3SE550532,2025 Ram ProMaster 1500 Base FWD,2025 Ram ProMaster 1500 Base FWD — 21 miles — used — Bright White Clearcoat,https://majorworld.com/inventory/2025-ram-promaster-1500-base-fwd/,https://assets.cai-media-management.com/resize/640x640/common-vehicle-media/03d299a3-ae01-4cf9-b711-bf1e7de211ff.jpg,42995.00 USD,Ram,used,in_stock,Bright White Clearcoat,"Vehicles & Parts > Vehicles > Motor Vehicles > Cars, Trucks & Vans",VAN,2025,AUTOMATIC
W1KAF4HB1SR255518,2025 Mercedes-Benz C-Class C 300 4MATIC®,"2025 Mercedes-Benz C-Class C 300 4MATIC® — 23,213 miles — used — Polar White",https://majorworld.com/inventory/2025-mercedes-benz-c-class-c-300-4matic-2/,https://assets.cai-media-management.com/resize/640x640/common-vehicle-media/f466bf02-043a-44e0-a2b5-eedabc0e4046.jpg,42995.00 USD,Mercedes-Benz,used,in_stock,Polar White,"Vehicles & Parts > Vehicles > Motor Vehicles > Cars, Trucks & Vans",SEDAN,2025,AUTOMATIC
WBA33FB0XSFV20613,2025 BMW 4 Series 430i Gran Coupe AWD,"2025 BMW 4 Series 430i Gran Coupe AWD — 24,895 miles — used — Black Sapphire Metallic",https://majorworld.com/inventory/2025-bmw-4-series-430i-gran-coupe-awd/,https://assets.cai-media-management.com/resize/640x640/common-vehicle-media/9df768f0-15eb-44f5-b39c-0ab42ea8696b.jpg,42995.00 USD,BMW,used,in_stock,Black Sapphire Metallic,"Vehicles & Parts > Vehicles > Motor Vehicles > Cars, Trucks & Vans",COUPE,2025,AUTOMATIC
1FMJK1K88REA43147,2024 Ford Expedition Max Limited RWD,"2024 Ford Expedition Max Limited RWD — 60,703 miles — used — Agate Black Metallic",https://majorworld.com/inventory/2024-ford-expedition-max-limited-rwd/,https://assets.cai-media-management.com/resize/640x640/common-vehicle-media/52b001ed-0945-48ca-a740-906b147b4100.jpg,42995.00 USD,Ford,used,in_stock,Agate Black Metallic,"Vehicles & Parts > Vehicles > Motor Vehicles > Cars, Trucks & Vans",SUV,2024,AUTOMATIC
3C6LRVDGXSE565770,2025 Ram ProMaster 2500 High Roof FWD,2025 Ram ProMaster 2500 High Roof FWD — 12 miles — used — Bright White Clearcoat,https://majorworld.com/inventory/2025-ram-promaster-2500-high-roof-fwd-8/,https://assets.cai-media-management.com/resize/640x640/common-vehicle-media/057a63d9-5dad-4bed-994c-c9f335dc0b77.jpg,42888.00 USD,Ram,used,in_stock,Bright White Clearcoat,"Vehicles & Parts > Vehicles > Motor Vehicles > Cars, Trucks & Vans",VAN,2025,AUTOMATIC
3C6LRVDGXSE565977,2025 Ram ProMaster 2500 High Roof FWD,2025 Ram ProMaster 2500 High Roof FWD — 18 miles — used — Bright White Clearcoat,https://majorworld.com/inventory/2025-ram-promaster-2500-high-roof-fwd-13/,https://assets.cai-media-management.com/resize/640x640/common-vehicle-media/cb4dd4e5-23f0-4753-b3a5-ee4917b1bf94.jpg,42888.00 USD,Ram,used,in_stock,Bright White Clearcoat,"Vehicles & Parts > Vehicles > Motor Vehicles > Cars, Trucks & Vans",VAN,2025,AUTOMATIC
5J8TC2H43SL021371,2025 Acura RDX Base AWD,"2025 Acura RDX Base AWD — 12,711 miles — used — Solar Silver Metallic",https://majorworld.com/inventory/2025-acura-rdx-base-awd/,https://assets.cai-media-management.com/resize/640x640/common-vehicle-media/d63ab4b1-b4b9-483f-a07f-e34a90da3ca2.jpg,42800.00 USD,Acura,used,in_stock,Solar Silver Metallic,"Vehicles & Parts > Vehicles > Motor Vehicles > Cars, Trucks & Vans",SEDAN,2025,AUTOMATIC
1C6RRFFG7SN691013,2025 Ram 1500 Big Horn/Lone Star 4WD,2025 Ram 1500 Big Horn/Lone Star 4WD — 21 miles — used — Diamond Black Crystal Pearlcoat,https://majorworld.com/inventory/2025-ram-1500-big-horn-lone-star-4wd/,https://assets.cai-media-management.com/resize/640x640/common-vehicle-media/e9e82bf7-f4b0-4c86-9bae-20c19fb81e4d.jpg,41995.00 USD,Ram,used,in_stock,Diamond Black Crystal Pearlcoat,"Vehicles & Parts > Vehicles > Motor Vehicles > Cars, Trucks & Vans",PICKUP,2025,AUTOMATIC
3C6LRVBG2SE546990,2025 Ram ProMaster 1500 Base FWD,2025 Ram ProMaster 1500 Base FWD — 24 miles — used — Bright White Clearcoat,https://majorworld.com/inventory/2025-ram-promaster-1500-base-fwd-5/,https://assets.cai-media-management.com/resize/640x640/common-vehicle-media/573faa07-0714-4d31-a5d0-f2f153ec15f7.jpg,41995.00 USD,Ram,used,in_stock,Bright White Clearcoat,"Vehicles & Parts > Vehicles > Motor Vehicles > Cars, Trucks & Vans",VAN,2025,AUTOMATIC
3C6LRVAG0SE551784,2025 Ram ProMaster 1500 Low Roof FWD,2025 Ram ProMaster 1500 Low Roof FWD — 25 miles — used — Bright White Clearcoat,https://majorworld.com/inventory/2025-ram-promaster-1500-low-roof-fwd-3/,https://assets.cai-media-management.com/resize/640x640/common-vehicle-media/5208659f-79a1-4650-a0c0-741bcd1612c7.jpg,41995.00 USD,Ram,used,in_stock,Bright White Clearcoat,"Vehicles & Parts > Vehicles > Motor Vehicles > Cars, Trucks & Vans",VAN,2025,AUTOMATIC
1C4RDJDG7SC519119,2025 Dodge Durango GT Plus AWD,"2025 Dodge Durango GT Plus AWD — 25,506 miles — used — DB Black Clearcoat",https://majorworld.com/inventory/2025-dodge-durango-gt-plus-awd/,https://assets.cai-media-management.com/resize/640x640/common-vehicle-media/79e81df3-2d0c-4a2a-bab3-d381d3a6aee1.jpg,41995.00 USD,Dodge,used,in_stock,DB Black Clearcoat,"Vehicles & Parts > Vehicles > Motor Vehicles > Cars, Trucks & Vans",SUV,2025,AUTOMATIC
5FNYG1H56RB049674,2024 Honda Pilot EX-L AWD,"2024 Honda Pilot EX-L AWD — 27,391 miles — used — Crystal Black Pearl",https://majorworld.com/inventory/2024-honda-pilot-ex-l-awd/,https://assets.cai-media-management.com/resize/640x640/common-vehicle-media/7e8dd430-038b-4162-ae40-6804a6ba59c5.jpg,41995.00 USD,Honda,used,in_stock,Crystal Black Pearl,"Vehicles & Parts > Vehicles > Motor Vehicles > Cars, Trucks & Vans",SUV,2024,AUTOMATIC
3C6LRVBG6SE554624,2025 Ram ProMaster 1500 Base FWD,2025 Ram ProMaster 1500 Base FWD — 2 miles — used — Bright White Clearcoat,https://majorworld.com/inventory/2025-ram-promaster-1500-base-fwd-4/,https://assets.cai-media-management.com/resize/640x640/common-vehicle-media/b0149840-2e8e-4294-bbac-56ece0e9705a.jpg,41800.00 USD,Ram,used,in_stock,Bright White Clearcoat,"Vehicles & Parts > Vehicles > Motor Vehicles > Cars, Trucks & Vans",VAN,2025,AUTOMATIC
3C6LRVDG8SE552080,2025 Ram ProMaster 2500 High Roof FWD,2025 Ram ProMaster 2500 High Roof FWD — 12 miles — used — Bright White Clearcoat,https://majorworld.com/inventory/2025-ram-promaster-2500-high-roof-fwd-3/,https://assets.cai-media-management.com/resize/640x640/common-vehicle-media/30940fab-8a83-4c55-9079-3095068d324a.jpg,41800.00 USD,Ram,used,in_stock,Bright White Clearcoat,"Vehicles & Parts > Vehicles > Motor Vehicles > Cars, Trucks & Vans",VAN,2025,AUTOMATIC
1C4RDJDG9TC170403,2026 Dodge Durango GT AWD,2026 Dodge Durango GT AWD — 504 miles — used — DB Black Clearcoat,https://majorworld.com/inventory/2026-dodge-durango-gt-awd/,https://assets.cai-media-management.com/resize/640x640/common-vehicle-media/cad44ae9-446f-45d8-a6eb-5d278b2130b2.jpg,41800.00 USD,Dodge,used,in_stock,DB Black Clearcoat,"Vehicles & Parts > Vehicles > Motor Vehicles > Cars, Trucks & Vans",SUV,2026,AUTOMATIC
1GNEVJKW1PJ267013,2023 Chevrolet Traverse RS AWD,"2023 Chevrolet Traverse RS AWD — 13,709 miles — used — Summit White",https://majorworld.com/inventory/2023-chevrolet-traverse-rs-awd/,https://assets.cai-media-management.com/resize/640x640/common-vehicle-media/eb144332-21a7-4c83-9b24-713dafd23854.jpg,41800.00 USD,Chevrolet,used,in_stock,Summit White,"Vehicles & Parts > Vehicles > Motor Vehicles > Cars, Trucks & Vans",SUV,2023,AUTOMATIC
2T2SZMDA8NC366452,2022 Lexus RX 350 F Sport AWD,"2022 Lexus RX 350 F Sport AWD — 29,267 miles — used — Atomic Silver",https://majorworld.com/inventory/2022-lexus-rx-350-f-sport-awd/,https://assets.cai-media-management.com/resize/640x640/common-vehicle-media/e8876414-a3b5-4a8e-bd56-c82f8fa8e134.jpg,41800.00 USD,Lexus,used,in_stock,Atomic Silver,"Vehicles & Parts > Vehicles > Motor Vehicles > Cars, Trucks & Vans",SEDAN,2022,AUTOMATIC
5FNRL6H74SB047961,2025 Honda Odyssey Sport-L FWD,"2025 Honda Odyssey Sport-L FWD — 30,593 miles — used — Crystal Black Pearl",https://majorworld.com/inventory/2025-honda-odyssey-sport-l-fwd/,https://assets.cai-media-management.com/resize/640x640/common-vehicle-media/489a11bd-fa7a-497e-844a-005f01c35d30.jpg,41800.00 USD,Honda,used,in_stock,Crystal Black Pearl,"Vehicles & Parts > Vehicles > Motor Vehicles > Cars, Trucks & Vans",MINIVAN,2025,AUTOMATIC
WBA33DB04SCS92775,2025 BMW 4 Series 430i RWD,"2025 BMW 4 Series 430i RWD — 40,809 miles — used — Jet Black",https://majorworld.com/inventory/2025-bmw-4-series-430i-rwd/,https://assets.cai-media-management.com/resize/640x640/common-vehicle-media/c8612e67-2cb3-44f9-b5a2-a301242cfa17.jpg,41800.00 USD,BMW,used,in_stock,Jet Black,"Vehicles & Parts > Vehicles > Motor Vehicles > Cars, Trucks & Vans",SEDAN,2025,AUTOMATIC
3C6LRVDG8SE566464,2025 Ram ProMaster 2500 High Roof FWD,2025 Ram ProMaster 2500 High Roof FWD — 7 miles — used — Bright White Clearcoat,https://majorworld.com/inventory/2025-ram-promaster-2500-high-roof-fwd-12/,https://assets.cai-media-management.com/resize/640x640/common-vehicle-media/97522bde-6973-4fca-a220-2238f96f9a5c.jpg,40995.00 USD,Ram,used,in_stock,Bright White Clearcoat,"Vehicles & Parts > Vehicles > Motor Vehicles > Cars, Trucks & Vans",VAN,2025,AUTOMATIC
3C6LRVCG8SE560777,2025 Ram ProMaster 2500 High Roof FWD,2025 Ram ProMaster 2500 High Roof FWD — 17 miles — used — Bright White Clearcoat,https://majorworld.com/inventory/2025-ram-promaster-2500-high-roof-fwd-19/,https://assets.cai-media-management.com/resize/640x640/common-vehicle-media/c3f26026-4fc4-4b58-ab19-316512389994.jpg,40888.00 USD,Ram,used,in_stock,Bright White Clearcoat,"Vehicles & Parts > Vehicles > Motor Vehicles > Cars, Trucks & Vans",VAN,2025,AUTOMATIC
3C6LRVNG2SE530056,2025 Ram ProMaster 1500 Low Roof FWD,2025 Ram ProMaster 1500 Low Roof FWD — 18 miles — used — Bright White Clearcoat,https://majorworld.com/inventory/2025-ram-promaster-1500-low-roof-fwd-4/,https://assets.cai-media-management.com/resize/640x640/common-vehicle-media/c9c65516-1edb-44ce-b527-7dd55d356751.jpg,40888.00 USD,Ram,used,in_stock,Bright White Clearcoat,"Vehicles & Parts > Vehicles > Motor Vehicles > Cars, Trucks & Vans",VAN,2025,AUTOMATIC
5FNYG2H49SB016302,2025 Honda Pilot EX-L FWD,"2025 Honda Pilot EX-L FWD — 9,107 miles — used — Platinum White Pearl",https://majorworld.com/inventory/2025-honda-pilot-ex-l-fwd/,https://assets.cai-media-management.com/resize/640x640/common-vehicle-media/ee870903-2a45-49fe-9f83-6db4b480d3f1.jpg,40888.00 USD,Honda,used,in_stock,Platinum White Pearl,"Vehicles & Parts > Vehicles > Motor Vehicles > Cars, Trucks & Vans",SUV,2025,AUTOMATIC
1GTP9EEL3NZ100651,2022 GMC Sierra 1500 Limited AT4 4WD,"2022 GMC Sierra 1500 Limited AT4 4WD — 27,886 miles — used — Satin Steel Metallic",https://majorworld.com/inventory/2022-gmc-sierra-1500-limited-at4-4wd/,https://assets.cai-media-management.com/resize/640x640/common-vehicle-media/35e5b770-f28e-4838-98d0-7583fefb9257.jpg,40887.00 USD,GMC,used,in_stock,Satin Steel Metallic,"Vehicles & Parts > Vehicles > Motor Vehicles > Cars, Trucks & Vans",PICKUP,2022,AUTOMATIC
3C6LRVBGXSE558899,2025 Ram ProMaster 1500 Base FWD,2025 Ram ProMaster 1500 Base FWD — 11 miles — used — Bright White Clearcoat,https://majorworld.com/inventory/2025-ram-promaster-1500-base-fwd-8/,https://assets.cai-media-management.com/resize/640x640/common-vehicle-media/839b89a1-385e-46c0-9d47-5a227c9b59b8.jpg,40800.00 USD,Ram,used,in_stock,Bright White Clearcoat,"Vehicles & Parts > Vehicles > Motor Vehicles > Cars, Trucks & Vans",VAN,2025,AUTOMATIC
3C6LRVCG2SE560709,2025 Ram ProMaster 2500 High Roof FWD,2025 Ram ProMaster 2500 High Roof FWD — 14 miles — used — Bright White Clearcoat,https://majorworld.com/inventory/2025-ram-promaster-2500-high-roof-fwd-18/,https://assets.cai-media-management.com/resize/640x640/common-vehicle-media/9df85592-1982-4df3-9149-d0533c8004a2.jpg,40800.00 USD,Ram,used,in_stock,Bright White Clearcoat,"Vehicles & Parts > Vehicles > Motor Vehicles > Cars, Trucks & Vans",VAN,2025,AUTOMATIC
1C4RJXR66SW577863,2025 Jeep Wrangler Rubicon 4xe 4WD,"2025 Jeep Wrangler Rubicon 4xe 4WD — 9,978 miles — used — Anvil Clearcoat",https://majorworld.com/inventory/2025-jeep-wrangler-rubicon-4xe-4wd/,https://assets.cai-media-management.com/resize/640x640/common-vehicle-media/f740e3cf-e430-41fc-8bb7-6e966853e68f.jpg,39995.00 USD,Jeep,used,in_stock,Anvil Clearcoat,"Vehicles & Parts > Vehicles > Motor Vehicles > Cars, Trucks & Vans",SUV,2025,AUTOMATIC
1C4SDJCT3RC143724,2024 Dodge Durango R/T Plus AWD,"2024 Dodge Durango R/T Plus AWD — 35,805 miles — used — Octane Red Pearlcoat",https://majorworld.com/inventory/2024-dodge-durango-r-t-plus-awd-2/,https://assets.cai-media-management.com/resize/640x640/common-vehicle-media/1b045457-0fb0-4daf-af3a-d329d5784faf.jpg,39995.00 USD,Dodge,used,in_stock,Octane Red Pearlcoat,"Vehicles & Parts > Vehicles > Motor Vehicles > Cars, Trucks & Vans",SUV,2024,AUTOMATIC
WBA33DB06SCS92048,2025 BMW 4 Series 430i RWD,"2025 BMW 4 Series 430i RWD — 41,433 miles — used — Jet Black",https://majorworld.com/inventory/2025-bmw-4-series-430i-rwd-2/,https://assets.cai-media-management.com/resize/640x640/common-vehicle-media/db85f1c8-b538-4eaa-bc93-44f682efa92e.jpg,39995.00 USD,BMW,used,in_stock,Jet Black,"Vehicles & Parts > Vehicles > Motor Vehicles > Cars, Trucks & Vans",SEDAN,2025,AUTOMATIC
5J8YE1H42PL022612,2023 Acura MDX Technology AWD,"2023 Acura MDX Technology AWD — 46,414 miles — used — Lunar Silver Metallic",https://majorworld.com/inventory/2023-acura-mdx-technology-awd/,https://assets.cai-media-management.com/resize/640x640/common-vehicle-media/14c94f24-76e7-4f7c-a565-05f1cc33b373.jpg,39995.00 USD,Acura,used,in_stock,Lunar Silver Metallic,"Vehicles & Parts > Vehicles > Motor Vehicles > Cars, Trucks & Vans",SUV,2023,AUTOMATIC
3C6LRVDG1SE550347,2025 Ram ProMaster 2500 High Roof FWD,2025 Ram ProMaster 2500 High Roof FWD — 10 miles — used — Bright White Clearcoat,https://majorworld.com/inventory/2025-ram-promaster-2500-high-roof-fwd-7/,https://assets.cai-media-management.com/resize/640x640/common-vehicle-media/56bf2f50-c4f7-49e5-b6b5-746f78cb9cbd.jpg,39888.00 USD,Ram,used,in_stock,Bright White Clearcoat,"Vehicles & Parts > Vehicles > Motor Vehicles > Cars, Trucks & Vans",VAN,2025,AUTOMATIC
3C6LRVNG3SE545147,2025 Ram ProMaster 1500 Low Roof FWD,2025 Ram ProMaster 1500 Low Roof FWD — 17 miles — used — Black Clearcoat,https://majorworld.com/inventory/2025-ram-promaster-1500-low-roof-fwd-6/,https://assets.cai-media-management.com/resize/640x640/common-vehicle-media/188cd3a7-1a0a-4643-a58c-f5cb6ea7bed3.jpg,39888.00 USD,Ram,used,in_stock,Black Clearcoat,"Vehicles & Parts > Vehicles > Motor Vehicles > Cars, Trucks & Vans",VAN,2025,AUTOMATIC
1C4RJJAG4S8659225,2025 Jeep Grand Cherokee L Laredo RWD,2025 Jeep Grand Cherokee L Laredo RWD — 385 miles — used — Bright White Clearcoat,https://majorworld.com/inventory/2025-jeep-grand-cherokee-l-laredo-rwd/,https://assets.cai-media-management.com/resize/640x640/common-vehicle-media/22df0b9d-be6d-4251-b927-d6a32a08a8f3.jpg,39888.00 USD,Jeep,used,in_stock,Bright White Clearcoat,"Vehicles & Parts > Vehicles > Motor Vehicles > Cars, Trucks & Vans",SUV,2025,AUTOMATIC
3C6LRVAGXSE555874,2025 Ram ProMaster 1500 Low Roof FWD,2025 Ram ProMaster 1500 Low Roof FWD — 537 miles — used — Granite Crystal Metallic Clearcoat,https://majorworld.com/inventory/2025-ram-promaster-1500-low-roof-fwd-2/,https://assets.cai-media-management.com/resize/640x640/common-vehicle-media/4a978a20-2fba-4ab5-844c-05b20f5026d0.jpg,39888.00 USD,Ram,used,in_stock,Granite Crystal Metallic Clearcoat,"Vehicles & Parts > Vehicles > Motor Vehicles > Cars, Trucks & Vans",VAN,2025,AUTOMATIC
2C4RC1BG5TR193559,2026 Chrysler Pacifica Select FWD,2026 Chrysler Pacifica Select FWD — 917 miles — used — Diamond Black Crystal Pearlcoat,https://majorworld.com/inventory/2026-chrysler-pacifica-select-fwd/,https://assets.cai-media-management.com/resize/640x640/common-vehicle-media/688dae94-e393-40f8-8f80-2985186fe702.jpg,39888.00 USD,Chrysler,used,in_stock,Diamond Black Crystal Pearlcoat,"Vehicles & Parts > Vehicles > Motor Vehicles > Cars, Trucks & Vans",MINIVAN,2026,AUTOMATIC
1C4RJXP65SW585312,2025 Jeep Wrangler Sahara 4xe 4WD,"2025 Jeep Wrangler Sahara 4xe 4WD — 15,252 miles — used — Firecracker Red Clearcoat",https://majorworld.com/inventory/2025-jeep-wrangler-sahara-4xe-4wd-18/,https://assets.cai-media-management.com/resize/640x640/common-vehicle-media/eeb52ae3-8297-4611-89b7-bc9ef7941062.jpg,39888.00 USD,Jeep,used,in_stock,Firecracker Red Clearcoat,"Vehicles & Parts > Vehicles > Motor Vehicles > Cars, Trucks & Vans",SUV,2025,AUTOMATIC
19UUB5F43SA000608,2025 Acura TLX Technology Package FWD,"2025 Acura TLX Technology Package FWD — 16,631 miles — used — Urban Gray Pearl",https://majorworld.com/inventory/2025-acura-tlx-technology-package-fwd-2/,https://assets.cai-media-management.com/resize/640x640/common-vehicle-media/2a859934-9924-4f20-ac92-ab6c8abed39a.jpg,39888.00 USD,Acura,used,in_stock,Urban Gray Pearl,"Vehicles & Parts > Vehicles > Motor Vehicles > Cars, Trucks & Vans",SEDAN,2025,AUTOMATIC
WBX63GM0XS5109093,2025 BMW X2 xDrive28i AWD,"2025 BMW X2 xDrive28i AWD — 19,084 miles — used — Skyscraper Gray Metallic",https://majorworld.com/inventory/2025-bmw-x2-xdrive28i-awd/,https://assets.cai-media-management.com/resize/640x640/common-vehicle-media/5e6d703a-8e8c-48b5-85fa-8fa4ec70dc25.jpg,39888.00 USD,BMW,used,in_stock,Skyscraper Gray Metallic,"Vehicles & Parts > Vehicles > Motor Vehicles > Cars, Trucks & Vans",SEDAN,2025,AUTOMATIC
58ACZ1B13SU194635,2025 Lexus ES 350 FWD,"2025 Lexus ES 350 FWD — 19,642 miles — used — Moonbeam Beige Metallic",https://majorworld.com/inventory/2025-lexus-es-350-fwd/,https://assets.cai-media-management.com/resize/640x640/common-vehicle-media/4b17b7cc-f0ac-47a0-9fe1-85dcda0b5247.jpg,39888.00 USD,Lexus,used,in_stock,Moonbeam Beige Metallic,"Vehicles & Parts > Vehicles > Motor Vehicles > Cars, Trucks & Vans",SEDAN,2025,AUTOMATIC
W1KZF8DB0NB037342,2022 Mercedes-Benz E-Class E 350 RWD,"2022 Mercedes-Benz E-Class E 350 RWD — 20,520 miles — used — Nautical Blue",https://majorworld.com/inventory/2022-mercedes-benz-e-class-e-350-rwd/,https://assets.cai-media-management.com/resize/640x640/common-vehicle-media/77dee3b8-24a6-4821-b786-9b6fa4f9c7c2.jpg,39888.00 USD,Mercedes-Benz,used,in_stock,Nautical Blue,"Vehicles & Parts > Vehicles > Motor Vehicles > Cars, Trucks & Vans",SEDAN,2022,AUTOMATIC
5FNRL6H74SB049693,2025 Honda Odyssey Sport-L FWD,"2025 Honda Odyssey Sport-L FWD — 25,118 miles — used — Platinum White Pearl",https://majorworld.com/inventory/2025-honda-odyssey-sport-l-fwd-3/,https://assets.cai-media-management.com/resize/640x640/common-vehicle-media/75382ec1-64b8-4e96-9b78-a28f89f14591.jpg,39888.00 USD,Honda,used,in_stock,Platinum White Pearl,"Vehicles & Parts > Vehicles > Motor Vehicles > Cars, Trucks & Vans",MINIVAN,2025,AUTOMATIC
5J8YE1H38PL040605,2023 Acura MDX 3.5L AWD,"2023 Acura MDX 3.5L AWD — 26,478 miles — used — Apex Blue Pearl",https://majorworld.com/inventory/2023-acura-mdx-3-5l-awd/,https://assets.cai-media-management.com/resize/640x640/common-vehicle-media/022d4635-6b8c-4beb-99d8-9bdbee2d8ed4.jpg,39888.00 USD,Acura,used,in_stock,Apex Blue Pearl,"Vehicles & Parts > Vehicles > Motor Vehicles > Cars, Trucks & Vans",SUV,2023,AUTOMATIC
3GCPABEK4SG348559,2025 Chevrolet Silverado 1500 Custom RWD,"2025 Chevrolet Silverado 1500 Custom RWD — 28,753 miles — used — Summit White",https://majorworld.com/inventory/2025-chevrolet-silverado-1500-custom-rwd/,https://assets.cai-media-management.com/resize/640x640/common-vehicle-media/4a51d972-cec5-4eb7-9c61-64809f55b65e.jpg,39888.00 USD,Chevrolet,used,in_stock,Summit White,"Vehicles & Parts > Vehicles > Motor Vehicles > Cars, Trucks & Vans",PICKUP,2025,AUTOMATIC
WBA43FJ00RCS37834,2024 BMW 5 Series 530i RWD,"2024 BMW 5 Series 530i RWD — 35,234 miles — used — Oxide Gray Metallic",https://majorworld.com/inventory/2024-bmw-5-series-530i-rwd-3/,https://assets.cai-media-management.com/resize/640x640/common-vehicle-media/28306887-85c1-439b-adb1-f88151175ca5.jpg,39888.00 USD,BMW,used,in_stock,Oxide Gray Metallic,"Vehicles & Parts > Vehicles > Motor Vehicles > Cars, Trucks & Vans",SEDAN,2024,AUTOMATIC
WBA53DB05SCS24803,2025 BMW 4 Series 430i xDrive AWD,"2025 BMW 4 Series 430i xDrive AWD — 45,135 miles — used — Alpine White",https://majorworld.com/inventory/2025-bmw-4-series-430i-xdrive-awd/,https://assets.cai-media-management.com/resize/640x640/common-vehicle-media/92ca5e22-1b47-46aa-b1cf-7dae6706aea5.jpg,39888.00 USD,BMW,used,in_stock,Alpine White,"Vehicles & Parts > Vehicles > Motor Vehicles > Cars, Trucks & Vans",SEDAN,2025,AUTOMATIC
1C4RJHAG4SC306151,2025 Jeep Grand Cherokee Laredo X 4WD,2025 Jeep Grand Cherokee Laredo X 4WD — 137 miles — used — Velvet Red Pearlcoat,https://majorworld.com/inventory/2025-jeep-grand-cherokee-laredo-x-4wd/,https://assets.cai-media-management.com/resize/640x640/common-vehicle-media/27a1ff73-c503-4800-9d6f-fbb449975222.jpg,39887.00 USD,Jeep,used,in_stock,Velvet Red Pearlcoat,"Vehicles & Parts > Vehicles > Motor Vehicles > Cars, Trucks & Vans",SUV,2025,AUTOMATIC
19UUB5F47SA000515,2025 Acura TLX Technology Package FWD,"2025 Acura TLX Technology Package FWD — 3,260 miles — used — Platinum White Pearl",https://majorworld.com/inventory/2025-acura-tlx-technology-package-fwd/,https://assets.cai-media-management.com/resize/640x640/common-vehicle-media/b68a58c5-3b9f-4b50-b429-c6751d56e075.jpg,39887.00 USD,Acura,used,in_stock,Platinum White Pearl,"Vehicles & Parts > Vehicles > Motor Vehicles > Cars, Trucks & Vans",SEDAN,2025,AUTOMATIC
1FTBR1Y89RKA40058,2024 Ford Transit-250 Base RWD,"2024 Ford Transit-250 Base RWD — 10,396 miles — used — Oxford White",https://majorworld.com/inventory/2024-ford-transit-250-base-rwd/,https://assets.cai-media-management.com/resize/640x640/common-vehicle-media/00a6ed37-258f-47c3-848a-7bbb50701c30.jpg,38995.00 USD,Ford,used,in_stock,Oxford White,"Vehicles & Parts > Vehicles > Motor Vehicles > Cars, Trucks & Vans",VAN,2024,AUTOMATIC
1C4RJXP6XSW601696,2025 Jeep Wrangler Sahara 4xe 4WD,"2025 Jeep Wrangler Sahara 4xe 4WD — 5,533 miles — used — Bright White Clearcoat",https://majorworld.com/inventory/2025-jeep-wrangler-sahara-4xe-4wd-16/,https://assets.cai-media-management.com/resize/640x640/common-vehicle-media/7c54e7d6-3648-4084-b8eb-aa3a4abb76a5.jpg,38888.00 USD,Jeep,used,in_stock,Bright White Clearcoat,"Vehicles & Parts > Vehicles > Motor Vehicles > Cars, Trucks & Vans",SUV,2025,AUTOMATIC
1C4RJXP68SW599365,2025 Jeep Wrangler Sahara 4xe 4WD,"2025 Jeep Wrangler Sahara 4xe 4WD — 7,448 miles — used — Granite Crystal Met CC",https://majorworld.com/inventory/2025-jeep-wrangler-sahara-4xe-4wd-22/,https://assets.cai-media-management.com/resize/640x640/common-vehicle-media/fccb2878-0e3e-4948-ad34-7ab8ca27e56b.jpg,38888.00 USD,Jeep,used,in_stock,Granite Crystal Met CC,"Vehicles & Parts > Vehicles > Motor Vehicles > Cars, Trucks & Vans",SUV,2025,AUTOMATIC
1C4RJXP67SW586042,2025 Jeep Wrangler Sahara 4xe 4WD,"2025 Jeep Wrangler Sahara 4xe 4WD — 9,864 miles — used — Granite Crystal Metallic Clearcoat",https://majorworld.com/inventory/2025-jeep-wrangler-sahara-4xe-4wd-17/,https://assets.cai-media-management.com/resize/640x640/common-vehicle-media/f8c087e9-8e23-41fc-8fcf-a2b27b2ce5d6.jpg,38888.00 USD,Jeep,used,in_stock,Granite Crystal Metallic Clearcoat,"Vehicles & Parts > Vehicles > Motor Vehicles > Cars, Trucks & Vans",SUV,2025,AUTOMATIC
5FNYG2H44RB009137,2024 Honda Pilot EX-L FWD,"2024 Honda Pilot EX-L FWD — 27,278 miles — used — Crystal Black Pearl",https://majorworld.com/inventory/2024-honda-pilot-ex-l-fwd-5/,https://assets.cai-media-management.com/resize/640x640/common-vehicle-media/368520cd-4891-49df-b124-6e7824bb96c8.jpg,38888.00 USD,Honda,used,in_stock,Crystal Black Pearl,"Vehicles & Parts > Vehicles > Motor Vehicles > Cars, Trucks & Vans",SUV,2024,AUTOMATIC
2T2AGCEZ0RC036035,2024 Lexus NX 350 Base AWD,"2024 Lexus NX 350 Base AWD — 35,240 miles — used — Ultra White",https://majorworld.com/inventory/2024-lexus-nx-350-base-awd/,https://assets.cai-media-management.com/resize/640x640/common-vehicle-media/db2613fa-c7e8-4640-b804-dc13fc3eb311.jpg,38888.00 USD,Lexus,used,in_stock,Ultra White,"Vehicles & Parts > Vehicles > Motor Vehicles > Cars, Trucks & Vans",SEDAN,2024,AUTOMATIC
5TDKRKEC7RS193545,2024 Toyota Sienna LE FWD,"2024 Toyota Sienna LE FWD — 38,467 miles — used — Midnight Black Metallic",https://majorworld.com/inventory/2024-toyota-sienna-le-fwd-7/,https://assets.cai-media-management.com/resize/640x640/common-vehicle-media/003b0344-6f79-40ce-95ae-d63fd9aad3c1.jpg,38888.00 USD,Toyota,used,in_stock,Midnight Black Metallic,"Vehicles & Parts > Vehicles > Motor Vehicles > Cars, Trucks & Vans",MINIVAN,2024,AUTOMATIC
WAUDACF51SA000750,2025 Audi A5 Sportback 45 S line Premium quattro,"2025 Audi A5 Sportback 45 S line Premium quattro — 12,984 miles — used — Arkona White",https://majorworld.com/inventory/2025-audi-a5-sportback-quattro/,https://assets.cai-media-management.com/resize/640x640/common-vehicle-media/f431bfd3-f6df-4b9c-8b35-45d655bfa06d.jpg,38887.00 USD,Audi,used,in_stock,Arkona White,"Vehicles & Parts > Vehicles > Motor Vehicles > Cars, Trucks & Vans",WAGON,2025,AUTOMATIC
19UUB5F50PA003532,2023 Acura TLX A-Spec Package FWD,"2023 Acura TLX A-Spec Package FWD — 28,040 miles — used — Majestic Black Pearl",https://majorworld.com/inventory/2023-acura-tlx-a-spec-package-fwd/,https://assets.cai-media-management.com/resize/640x640/common-vehicle-media/e113f97e-3086-495a-ae28-a327097df94f.jpg,38800.00 USD,Acura,used,in_stock,Majestic Black Pearl,"Vehicles & Parts > Vehicles > Motor Vehicles > Cars, Trucks & Vans",SEDAN,2023,AUTOMATIC
5TDKRKECXRS212296,2024 Toyota Sienna LE FWD,"2024 Toyota Sienna LE FWD — 53,537 miles — used — Ice Cap",https://majorworld.com/inventory/2024-toyota-sienna-le-fwd-9/,https://assets.cai-media-management.com/resize/640x640/common-vehicle-media/40bf53ae-26f9-4a75-8737-7ea5e0c669fa.jpg,37995.00 USD,Toyota,used,in_stock,Ice Cap,"Vehicles & Parts > Vehicles > Motor Vehicles > Cars, Trucks & Vans",MINIVAN,2024,AUTOMATIC
1C4RJXP66SW599834,2025 Jeep Wrangler Sahara 4xe 4WD,"2025 Jeep Wrangler Sahara 4xe 4WD — 9,862 miles — used — Anvil Clearcoat",https://majorworld.com/inventory/2025-jeep-wrangler-sahara-4xe-4wd-20/,https://assets.cai-media-management.com/resize/640x640/common-vehicle-media/50e80e3d-6790-4154-90b6-e6edf617c29e.jpg,37888.00 USD,Jeep,used,in_stock,Anvil Clearcoat,"Vehicles & Parts > Vehicles > Motor Vehicles > Cars, Trucks & Vans",SUV,2025,AUTOMATIC
WAUD3BF20RN041299,2024 Audi A6 45 Premium quattro,"2024 Audi A6 45 Premium quattro — 4,293 miles — used — Firmament Blue Metallic",https://majorworld.com/inventory/2024-audi-a6-quattro/,https://assets.cai-media-management.com/resize/640x640/common-vehicle-media/c62c835d-ec91-47d5-af76-d427c461c5ab.jpg,37887.00 USD,Audi,used,in_stock,Firmament Blue Metallic,"Vehicles & Parts > Vehicles > Motor Vehicles > Cars, Trucks & Vans",SEDAN,2024,AUTOMATIC
1C4RJXP69SW578380,2025 Jeep Wrangler Sahara 4xe 4WD,"2025 Jeep Wrangler Sahara 4xe 4WD — 9,845 miles — used — Granite Crystal Metallic Clearcoat",https://majorworld.com/inventory/2025-jeep-wrangler-sahara-4xe-4wd-23/,https://assets.cai-media-management.com/resize/640x640/common-vehicle-media/2faaaaee-248d-4d89-8269-b5b12fec3a14.jpg,37800.00 USD,Jeep,used,in_stock,Granite Crystal Metallic Clearcoat,"Vehicles & Parts > Vehicles > Motor Vehicles > Cars, Trucks & Vans",SUV,2025,AUTOMATIC
WBA23GG04T7U18259,2026 BMW 2 Series 228 Gran Coupe AWD,"2026 BMW 2 Series 228 Gran Coupe AWD — 16,282 miles — used — Black Sapphire Metallic",https://majorworld.com/inventory/2026-bmw-2-series-228-gran-coupe-awd/,https://assets.cai-media-management.com/resize/640x640/common-vehicle-media/de72ea2d-52a1-469d-9ab6-4b5e8729b675.jpg,37800.00 USD,BMW,used,in_stock,Black Sapphire Metallic,"Vehicles & Parts > Vehicles > Motor Vehicles > Cars, Trucks & Vans",COUPE,2026,AUTOMATIC
2HKRS3H76SH340070,2025 Honda CR-V EX-L FWD,2025 Honda CR-V EX-L FWD — 5 miles — used — Crystal Black Pearl,https://majorworld.com/inventory/2025-honda-cr-v-ex-l-fwd/,https://assets.cai-media-management.com/resize/640x640/common-vehicle-media/aa235d69-ae2a-4970-aee9-d290a4fefaf9.jpg,36995.00 USD,Honda,used,in_stock,Crystal Black Pearl,"Vehicles & Parts > Vehicles > Motor Vehicles > Cars, Trucks & Vans",CROSSOVER,2025,AUTOMATIC
5FNYG2H30SB018012,2025 Honda Pilot Sport FWD,"2025 Honda Pilot Sport FWD — 17,133 miles — used — Radiant Red Metallic II",https://majorworld.com/inventory/2025-honda-pilot-sport-fwd/,https://assets.cai-media-management.com/resize/640x640/common-vehicle-media/b257407a-07ad-45af-9116-cf42fd6856a2.jpg,36995.00 USD,Honda,used,in_stock,Radiant Red Metallic II,"Vehicles & Parts > Vehicles > Motor Vehicles > Cars, Trucks & Vans",SUV,2025,AUTOMATIC
WBX73EF02S5228598,2025 BMW X1 xDrive28i AWD,"2025 BMW X1 xDrive28i AWD — 24,661 miles — used — Phytonic Blue Metallic",https://majorworld.com/inventory/2025-bmw-x1-xdrive28i-awd/,https://assets.cai-media-management.com/resize/640x640/common-vehicle-media/9146ed95-c16a-45f5-971a-f72af230ee2d.jpg,36995.00 USD,BMW,used,in_stock,Phytonic Blue Metallic,"Vehicles & Parts > Vehicles > Motor Vehicles > Cars, Trucks & Vans",CROSSOVER,2025,AUTOMATIC
19UUB5F43RA000537,2024 Acura TLX Technology Package FWD,"2024 Acura TLX Technology Package FWD — 26,096 miles — used — Platinum White Pearl",https://majorworld.com/inventory/2024-acura-tlx-technology-package-fwd/,https://assets.cai-media-management.com/resize/640x640/common-vehicle-media/398dd7e1-66e4-419b-9e1c-804544918d39.jpg,36995.00 USD,Acura,used,in_stock,Platinum White Pearl,"Vehicles & Parts > Vehicles > Motor Vehicles > Cars, Trucks & Vans",SEDAN,2024,AUTOMATIC
19UUB5F57PA001602,2023 Acura TLX A-Spec Package FWD,"2023 Acura TLX A-Spec Package FWD — 44,695 miles — used — Majestic Black Pearl",https://majorworld.com/inventory/2023-acura-tlx-a-spec-package-fwd-2/,https://assets.cai-media-management.com/resize/640x640/common-vehicle-media/d6481b50-4473-4e2b-a674-3647294e1529.jpg,36995.00 USD,Acura,used,in_stock,Majestic Black Pearl,"Vehicles & Parts > Vehicles > Motor Vehicles > Cars, Trucks & Vans",SEDAN,2023,AUTOMATIC
SALGR2SU6LA587697,2020 Land Rover Range Rover Base 4WD,"2020 Land Rover Range Rover Base 4WD — 49,983 miles — used — Santorini Black Metallic",https://majorworld.com/inventory/2020-land-rover-range-rover-base-4wd/,https://assets.cai-media-management.com/resize/640x640/common-vehicle-media/2a0cc6d9-f56f-4b20-b452-66efb35513e6.jpg,36888.00 USD,Land Rover,used,in_stock,Santorini Black Metallic,"Vehicles & Parts > Vehicles > Motor Vehicles > Cars, Trucks & Vans",SUV,2020,AUTOMATIC
WAUE3BF29RN039460,2024 Audi A6 45 Premium Plus quattro,"2024 Audi A6 45 Premium Plus quattro — 6,980 miles — used — Glacier White",https://majorworld.com/inventory/2024-audi-a6-45-premium-plus-quattro/,https://assets.cai-media-management.com/resize/640x640/common-vehicle-media/6ae3196f-862c-499b-92fb-5435edb515b3.jpg,36887.00 USD,Audi,used,in_stock,Glacier White,"Vehicles & Parts > Vehicles > Motor Vehicles > Cars, Trucks & Vans",SEDAN,2024,AUTOMATIC
1C4RJJAG0S8724040,2025 Jeep Grand Cherokee L Laredo RWD,2025 Jeep Grand Cherokee L Laredo RWD — 9 miles — used — Bright White Clearcoat,https://majorworld.com/inventory/2025-jeep-grand-cherokee-l-laredo-rwd-3/,https://assets.cai-media-management.com/resize/640x640/common-vehicle-media/e8551da0-edc0-4fda-84cd-3dd6ca125442.jpg,36800.00 USD,Jeep,used,in_stock,Bright White Clearcoat,"Vehicles & Parts > Vehicles > Motor Vehicles > Cars, Trucks & Vans",SUV,2025,AUTOMATIC
1C4RDJDG9RC221469,2024 Dodge Durango GT Plus AWD,"2024 Dodge Durango GT Plus AWD — 24,127 miles — used — Night Moves",https://majorworld.com/inventory/2024-dodge-durango-gt-plus-awd-4/,https://assets.cai-media-management.com/resize/640x640/common-vehicle-media/bef5dccc-a791-43c5-a2bc-f4c58a76243a.jpg,36800.00 USD,Dodge,used,in_stock,Night Moves,"Vehicles & Parts > Vehicles > Motor Vehicles > Cars, Trucks & Vans",SUV,2024,AUTOMATIC
1V2WR2CA6SC531462,2025 Volkswagen Atlas 2.0T SE w/Technology FWD,"2025 Volkswagen Atlas 2.0T SE w/Technology FWD — 32,019 miles — used — Opal White Pearl",https://majorworld.com/inventory/2025-volkswagen-atlas-2-0t-se-w-technology-fwd-2/,https://assets.cai-media-management.com/resize/640x640/common-vehicle-media/457d3ad3-5d57-4b09-8075-eba610c82fa2.jpg,35995.00 USD,Volkswagen,used,in_stock,Opal White Pearl,"Vehicles & Parts > Vehicles > Motor Vehicles > Cars, Trucks & Vans",CROSSOVER,2025,AUTOMATIC
WAUD3BF21PN032205,2023 Audi A6 45 Premium quattro,"2023 Audi A6 45 Premium quattro — 37,834 miles — used — Florett Silver Metallic",https://majorworld.com/inventory/2023-audi-a6-quattro-2/,https://assets.cai-media-management.com/resize/640x640/common-vehicle-media/50c76988-6b67-4650-aef6-374cf091f1a4.jpg,35995.00 USD,Audi,used,in_stock,Florett Silver Metallic,"Vehicles & Parts > Vehicles > Motor Vehicles > Cars, Trucks & Vans",SEDAN,2023,AUTOMATIC
1GNERKKW7PJ244667,2023 Chevrolet Traverse Premier FWD,"2023 Chevrolet Traverse Premier FWD — 40,471 miles — used — Mosaic Black Metallic",https://majorworld.com/inventory/2023-chevrolet-traverse-premier-fwd/,https://assets.cai-media-management.com/resize/640x640/common-vehicle-media/58bb81c2-8303-49e2-a822-5192a620da7e.jpg,35995.00 USD,Chevrolet,used,in_stock,Mosaic Black Metallic,"Vehicles & Parts > Vehicles > Motor Vehicles > Cars, Trucks & Vans",SUV,2023,AUTOMATIC
1C4RJXP63SW599886,2025 Jeep Wrangler Sahara 4xe 4WD,"2025 Jeep Wrangler Sahara 4xe 4WD — 7,255 miles — used — Anvil Clearcoat",https://majorworld.com/inventory/2025-jeep-wrangler-sahara-4xe-4wd/,https://assets.cai-media-management.com/resize/640x640/common-vehicle-media/8a7acd63-b7e2-477a-bffc-16bd667fc859.jpg,35888.00 USD,Jeep,used,in_stock,Anvil Clearcoat,"Vehicles & Parts > Vehicles > Motor Vehicles > Cars, Trucks & Vans",SUV,2025,AUTOMATIC
5TDGZRBHXNS564707,2022 Toyota Highlander XLE AWD,"2022 Toyota Highlander XLE AWD — 28,925 miles — used — Celestial Silver Metallic",https://majorworld.com/inventory/2022-toyota-highlander-xle-awd-3/,https://assets.cai-media-management.com/resize/640x640/common-vehicle-media/b680df23-1a98-4a64-8e62-75e714e33a2d.jpg,35887.00 USD,Toyota,used,in_stock,Celestial Silver Metallic,"Vehicles & Parts > Vehicles > Motor Vehicles > Cars, Trucks & Vans",SUV,2022,AUTOMATIC
5J8YE1H48PL024509,2023 Acura MDX Technology AWD,"2023 Acura MDX Technology AWD — 47,722 miles — used — Platinum White Pearl",https://majorworld.com/inventory/2023-acura-mdx-technology-awd-2/,https://assets.cai-media-management.com/resize/640x640/common-vehicle-media/4c7bdf36-218f-4731-a2b7-476e97f2ee4e.jpg,35887.00 USD,Acura,used,in_stock,Platinum White Pearl,"Vehicles & Parts > Vehicles > Motor Vehicles > Cars, Trucks & Vans",SUV,2023,AUTOMATIC
1C4RJJAG9S8636359,2025 Jeep Grand Cherokee L Laredo RWD,"2025 Jeep Grand Cherokee L Laredo RWD — 15,459 miles — used — Diamond Black Crystal Pearlcoat",https://majorworld.com/inventory/2025-jeep-grand-cherokee-l-laredo-rwd-2/,https://assets.cai-media-management.com/resize/640x640/common-vehicle-media/6f26321e-bb31-440e-bf81-607313001788.jpg,35800.00 USD,Jeep,used,in_stock,Diamond Black Crystal Pearlcoat,"Vehicles & Parts > Vehicles > Motor Vehicles > Cars, Trucks & Vans",SUV,2025,AUTOMATIC
WAUD3BF26NN036523,2022 Audi A6 2.0T Premium quattro,"2022 Audi A6 2.0T Premium quattro — 19,190 miles — used — Chronos Gray Metallic",https://majorworld.com/inventory/2022-audi-a6-2-0t-premium-quattro-3/,https://assets.cai-media-management.com/resize/640x640/common-vehicle-media/aabf1180-ae27-4ead-b113-f63e44a00b8a.jpg,35800.00 USD,Audi,used,in_stock,Chronos Gray Metallic,"Vehicles & Parts > Vehicles > Motor Vehicles > Cars, Trucks & Vans",SEDAN,2022,AUTOMATIC
1FBAX2YG2PKA93684,2023 Ford Transit-350 XLT RWD,"2023 Ford Transit-350 XLT RWD — 59,439 miles — used — Oxford White",https://majorworld.com/inventory/2023-ford-transit-350-xlt-rwd-2/,https://assets.cai-media-management.com/resize/640x640/common-vehicle-media/8307a417-40e9-4283-af7b-39b745ff6b2b.jpg,35800.00 USD,Ford,used,in_stock,Oxford White,"Vehicles & Parts > Vehicles > Motor Vehicles > Cars, Trucks & Vans",VAN,2023,AUTOMATIC
5XYP6DGC0PG392826,2023 Kia Telluride S AWD,"2023 Kia Telluride S AWD — 26,998 miles — used — Ebony Black",https://majorworld.com/inventory/2023-kia-telluride-s-awd-2/,https://assets.cai-media-management.com/resize/640x640/common-vehicle-media/678704a3-256f-4ff5-8813-80390be75e78.jpg,34995.00 USD,Kia,used,in_stock,Ebony Black,"Vehicles & Parts > Vehicles > Motor Vehicles > Cars, Trucks & Vans",CROSSOVER,2023,AUTOMATIC
JM3KKEHAXR1130721,2024 Mazda CX-90 PHEV Premium Plus AWD,"2024 Mazda CX-90 PHEV Premium Plus AWD — 33,461 miles — used — Jet Black Mica",https://majorworld.com/inventory/2024-mazda-cx-90-phev-premium-plus-awd/,https://assets.cai-media-management.com/resize/640x640/common-vehicle-media/267ff07a-a832-4f0e-b7f3-70dd229f9a1c.jpg,34995.00 USD,Mazda,used,in_stock,Jet Black Mica,"Vehicles & Parts > Vehicles > Motor Vehicles > Cars, Trucks & Vans",CROSSOVER,2024,AUTOMATIC
2T3W1RFV3SC312506,2025 Toyota RAV4 XLE FWD,"2025 Toyota RAV4 XLE FWD — 17,573 miles — used — Silver Sky Metallic",https://majorworld.com/inventory/2025-toyota-rav4-xle-fwd-3/,https://assets.cai-media-management.com/resize/640x640/common-vehicle-media/afdbd84a-525e-4ae2-be11-7362196636a9.jpg,34800.00 USD,Toyota,used,in_stock,Silver Sky Metallic,"Vehicles & Parts > Vehicles > Motor Vehicles > Cars, Trucks & Vans",CROSSOVER,2025,AUTOMATIC
5GAEVCKWXNJ101933,2022 Buick Enclave Avenir AWD,"2022 Buick Enclave Avenir AWD — 25,601 miles — used — White Frost Tricoat",https://majorworld.com/inventory/2022-buick-enclave-avenir-awd/,https://assets.cai-media-management.com/resize/640x640/common-vehicle-media/77473949-63e7-4409-a361-91a63f7cc00a.jpg,34800.00 USD,Buick,used,in_stock,White Frost Tricoat,"Vehicles & Parts > Vehicles > Motor Vehicles > Cars, Trucks & Vans",SEDAN,2022,AUTOMATIC
W1N4N4GB4SJ636797,2025 Mercedes-Benz GLA GLA 250 FWD,"2025 Mercedes-Benz GLA GLA 250 FWD — 38,098 miles — used — Night Black",https://majorworld.com/inventory/2025-mercedes-benz-gla-gla-250-fwd/,https://assets.cai-media-management.com/resize/640x640/common-vehicle-media/ccbb4afa-7ac5-4043-ad37-39ba696155e6.jpg,34800.00 USD,Mercedes-Benz,used,in_stock,Night Black,"Vehicles & Parts > Vehicles > Motor Vehicles > Cars, Trucks & Vans",SEDAN,2025,AUTOMATIC
1FAGP8UH9R5124332,2024 Ford Mustang EcoBoost Premium RWD,"2024 Ford Mustang EcoBoost Premium RWD — 35,242 miles — used — Oxford White",https://majorworld.com/inventory/2024-ford-mustang-ecoboost-premium-rwd-3/,https://assets.cai-media-management.com/resize/640x640/common-vehicle-media/fe88351c-ef5c-47c0-8367-783b091b1a11.jpg,33995.00 USD,Ford,used,in_stock,Oxford White,"Vehicles & Parts > Vehicles > Motor Vehicles > Cars, Trucks & Vans",COUPE,2024,AUTOMATIC
5FNYF6H54NB029935,2022 Honda Pilot EX-L AWD,"2022 Honda Pilot EX-L AWD — 33,942 miles — used — Gray",https://majorworld.com/inventory/2022-honda-pilot-ex-l-awd-3/,https://assets.cai-media-management.com/resize/640x640/common-vehicle-media/5fef344b-8498-4004-81cd-e5fc1f233988.jpg,33888.00 USD,Honda,used,in_stock,Gray,"Vehicles & Parts > Vehicles > Motor Vehicles > Cars, Trucks & Vans",SUV,2022,AUTOMATIC
1V2WR2CA0SC508906,2025 Volkswagen Atlas 2.0T SE w/Technology FWD,"2025 Volkswagen Atlas 2.0T SE w/Technology FWD — 37,533 miles — used — Platinum Gray Metallic",https://majorworld.com/inventory/2025-volkswagen-atlas-2-0t-se-w-technology-fwd-3/,https://assets.cai-media-management.com/resize/640x640/common-vehicle-media/f6a36818-308c-46e2-8203-e5256bb425f6.jpg,33888.00 USD,Volkswagen,used,in_stock,Platinum Gray Metallic,"Vehicles & Parts > Vehicles > Motor Vehicles > Cars, Trucks & Vans",CROSSOVER,2025,AUTOMATIC
1C4PJXDG1SW642903,2025 Jeep Wrangler Sport 4WD,2025 Jeep Wrangler Sport 4WD — 24 miles — used — Black Clearcoat,https://majorworld.com/inventory/2025-jeep-wrangler-sport-4wd/,https://assets.cai-media-management.com/resize/640x640/common-vehicle-media/60671f9d-59ef-4d24-8701-f0b359de24c4.jpg,33887.00 USD,Jeep,used,in_stock,Black Clearcoat,"Vehicles & Parts > Vehicles > Motor Vehicles > Cars, Trucks & Vans",SUV,2025,MANUAL
WA1GAAFY0P2100798,2023 Audi Q5 45 S line Premium quattro,"2023 Audi Q5 45 S line Premium quattro — 26,093 miles — used — Navarra Blue Metallic",https://majorworld.com/inventory/2023-audi-q5-45-s-line-premium-quattro-3/,https://assets.cai-media-management.com/resize/640x640/common-vehicle-media/ea7a4919-cdb7-4a63-9d6a-8bd03f495568.jpg,33800.00 USD,Audi,used,in_stock,Navarra Blue Metallic,"Vehicles & Parts > Vehicles > Motor Vehicles > Cars, Trucks & Vans",CROSSOVER,2023,AUTOMATIC
5GAEVBKW0RJ114240,2024 Buick Enclave Premium Group AWD,"2024 Buick Enclave Premium Group AWD — 46,501 miles — used — Summit White",https://majorworld.com/inventory/2024-buick-enclave-premium-group-awd/,https://assets.cai-media-management.com/resize/640x640/common-vehicle-media/c00da3eb-abee-4264-9927-5ca1f4c905af.jpg,33800.00 USD,Buick,used,in_stock,Summit White,"Vehicles & Parts > Vehicles > Motor Vehicles > Cars, Trucks & Vans",SEDAN,2024,AUTOMATIC
5UX43DP04R9U55091,2024 BMW X3 sDrive30i RWD,"2024 BMW X3 sDrive30i RWD — 48,368 miles — used — Dark Graphite Metallic",https://majorworld.com/inventory/2024-bmw-x3-sdrive30i-rwd-8/,https://assets.cai-media-management.com/resize/640x640/common-vehicle-media/5fa400af-6a8e-4744-8599-9bc3025a5a02.jpg,33800.00 USD,BMW,used,in_stock,Dark Graphite Metallic,"Vehicles & Parts > Vehicles > Motor Vehicles > Cars, Trucks & Vans",CROSSOVER,2024,AUTOMATIC
5NMP24GL9SH142558,2025 Hyundai Santa Fe SEL FWD,"2025 Hyundai Santa Fe SEL FWD — 26,535 miles — used — Ecotronic Gray",https://majorworld.com/inventory/2025-hyundai-santa-fe-sel-fwd-2/,https://assets.cai-media-management.com/resize/640x640/common-vehicle-media/e89cc881-055a-48be-af19-87ab8ab2bf52.jpg,32995.00 USD,Hyundai,used,in_stock,Ecotronic Gray,"Vehicles & Parts > Vehicles > Motor Vehicles > Cars, Trucks & Vans",CROSSOVER,2025,OTHER
19UUB5F45NA002218,2022 Acura TLX Technology Package FWD,"2022 Acura TLX Technology Package FWD — 27,794 miles — used — Majestic Black Pearl",https://majorworld.com/inventory/2022-acura-tlx-technology-package-fwd/,https://assets.cai-media-management.com/resize/640x640/common-vehicle-media/a7325acc-8b73-4dbc-81ac-e22a68b77fbb.jpg,32995.00 USD,Acura,used,in_stock,Majestic Black Pearl,"Vehicles & Parts > Vehicles > Motor Vehicles > Cars, Trucks & Vans",SEDAN,2022,AUTOMATIC
WA1GAAFYXP2182541,2023 Audi Q5 45 S line Premium quattro,"2023 Audi Q5 45 S line Premium quattro — 28,091 miles — used — Mythos Black Metallic",https://majorworld.com/inventory/2023-audi-q5-45-s-line-premium-quattro-2/,https://assets.cai-media-management.com/resize/640x640/common-vehicle-media/93514f7e-9705-4f28-84bc-6cff9d1a866d.jpg,32995.00 USD,Audi,used,in_stock,Mythos Black Metallic,"Vehicles & Parts > Vehicles > Motor Vehicles > Cars, Trucks & Vans",CROSSOVER,2023,AUTOMATIC
5N1DR3BA4SC245735,2025 Nissan Pathfinder SV FWD,"2025 Nissan Pathfinder SV FWD — 28,366 miles — used — Super Black",https://majorworld.com/inventory/2025-nissan-pathfinder-sv-fwd-2/,https://assets.cai-media-management.com/resize/640x640/common-vehicle-media/c45e0b07-9de4-41d4-bca7-4f257c46a3fc.jpg,32995.00 USD,Nissan,used,in_stock,Super Black,"Vehicles & Parts > Vehicles > Motor Vehicles > Cars, Trucks & Vans",SUV,2025,AUTOMATIC
1V2KR2CA0PC537909,2023 Volkswagen Atlas 3.6L V6 SE w/Technology AWD,"2023 Volkswagen Atlas 3.6L V6 SE w/Technology AWD — 32,780 miles — used — Deep Black Pearl",https://majorworld.com/inventory/2023-volkswagen-atlas-3-6l-v6-se-w-technology-awd/,https://assets.cai-media-management.com/resize/640x640/common-vehicle-media/034e8244-a17e-4a10-b5b9-8670eb2fa471.jpg,32995.00 USD,Volkswagen,used,in_stock,Deep Black Pearl,"Vehicles & Parts > Vehicles > Motor Vehicles > Cars, Trucks & Vans",CROSSOVER,2023,AUTOMATIC
WA1GAAFY9P2122461,2023 Audi Q5 45 S line Premium quattro,"2023 Audi Q5 45 S line Premium quattro — 35,579 miles — used — Navarra Blue Metallic",https://majorworld.com/inventory/2023-audi-q5-45-s-line-premium-quattro/,https://assets.cai-media-management.com/resize/640x640/common-vehicle-media/b6c197e4-dacd-4149-abe1-f50ae62f9e8f.jpg,32995.00 USD,Audi,used,in_stock,Navarra Blue Metallic,"Vehicles & Parts > Vehicles > Motor Vehicles > Cars, Trucks & Vans",CROSSOVER,2023,AUTOMATIC
W1KAF4GB2NR058024,2022 Mercedes-Benz C-Class C 300 RWD,"2022 Mercedes-Benz C-Class C 300 RWD — 36,997 miles — used — Black",https://majorworld.com/inventory/2022-mercedes-benz-c-class-c-300-rwd/,https://assets.cai-media-management.com/resize/640x640/common-vehicle-media/6415264b-11e4-46f4-8be7-4358f6c98c29.jpg,32995.00 USD,Mercedes-Benz,used,in_stock,Black,"Vehicles & Parts > Vehicles > Motor Vehicles > Cars, Trucks & Vans",SEDAN,2022,AUTOMATIC
1FMSK7FH4RGA29235,2024 Ford Explorer Limited RWD,"2024 Ford Explorer Limited RWD — 40,341 miles — used — Iconic Silver Metallic",https://majorworld.com/inventory/2024-ford-explorer-limited-rwd-3/,https://assets.cai-media-management.com/resize/640x640/common-vehicle-media/6e61fc59-3f8e-4d77-95bb-3578be223301.jpg,32995.00 USD,Ford,used,in_stock,Iconic Silver Metallic,"Vehicles & Parts > Vehicles > Motor Vehicles > Cars, Trucks & Vans",SUV,2024,AUTOMATIC
1FMSK7DH8RGA02607,2024 Ford Explorer XLT RWD,"2024 Ford Explorer XLT RWD — 42,034 miles — used — Agate Black Metallic",https://majorworld.com/inventory/2024-ford-explorer-xlt-rwd-5/,https://assets.cai-media-management.com/resize/640x640/common-vehicle-media/694c21ab-c8fe-4d17-b2bf-be5330069d2c.jpg,32995.00 USD,Ford,used,in_stock,Agate Black Metallic,"Vehicles & Parts > Vehicles > Motor Vehicles > Cars, Trucks & Vans",SUV,2024,AUTOMATIC
1FMSK7FH5RGA02657,2024 Ford Explorer Limited RWD,"2024 Ford Explorer Limited RWD — 44,366 miles — used — Carbonized Gray Metallic",https://majorworld.com/inventory/2024-ford-explorer-limited-rwd/,https://assets.cai-media-management.com/resize/640x640/common-vehicle-media/33cc15d5-b620-4a47-909d-90d3ca9ab948.jpg,32995.00 USD,Ford,used,in_stock,Carbonized Gray Metallic,"Vehicles & Parts > Vehicles > Motor Vehicles > Cars, Trucks & Vans",SUV,2024,AUTOMATIC
5GAEVBKW5RJ124326,2024 Buick Enclave Premium Group AWD,"2024 Buick Enclave Premium Group AWD — 46,224 miles — used — Summit White",https://majorworld.com/inventory/2024-buick-enclave-premium-group-awd-2/,https://assets.cai-media-management.com/resize/640x640/common-vehicle-media/40d2dc03-5e97-4edc-926d-44d9cdd2ac8f.jpg,32995.00 USD,Buick,used,in_stock,Summit White,"Vehicles & Parts > Vehicles > Motor Vehicles > Cars, Trucks & Vans",SEDAN,2024,AUTOMATIC
5GAEVBKW7RJ125784,2024 Buick Enclave Premium Group AWD,"2024 Buick Enclave Premium Group AWD — 49,676 miles — used — Summit White",https://majorworld.com/inventory/2024-buick-enclave-premium-group-awd-3/,https://assets.cai-media-management.com/resize/640x640/common-vehicle-media/a9edac7a-1aae-47af-a030-94303ff9fd69.jpg,32995.00 USD,Buick,used,in_stock,Summit White,"Vehicles & Parts > Vehicles > Motor Vehicles > Cars, Trucks & Vans",SEDAN,2024,AUTOMATIC
3GCNAAED1RG271226,2024 Chevrolet Silverado 1500 WT RWD,2024 Chevrolet Silverado 1500 WT RWD — 42 miles — used — Summit White,https://majorworld.com/inventory/2024-chevrolet-silverado-1500-wt-rwd/,https://assets.cai-media-management.com/resize/640x640/common-vehicle-media/846bf32f-6011-4d4a-a857-5e0551f6ad53.jpg,32888.00 USD,Chevrolet,used,in_stock,Summit White,"Vehicles & Parts > Vehicles > Motor Vehicles > Cars, Trucks & Vans",PICKUP,2024,AUTOMATIC
3GNKBCR46RS144630,2024 Chevrolet Blazer LT FWD,"2024 Chevrolet Blazer LT FWD — 9,676 miles — used — Radiant Red Tintcoat",https://majorworld.com/inventory/2024-chevrolet-blazer-lt-fwd/,https://assets.cai-media-management.com/resize/640x640/common-vehicle-media/de568f52-2f43-4102-863d-1c3570eba439.jpg,32888.00 USD,Chevrolet,used,in_stock,Radiant Red Tintcoat,"Vehicles & Parts > Vehicles > Motor Vehicles > Cars, Trucks & Vans",CROSSOVER,2024,AUTOMATIC
5N1DR3BAXSC229720,2025 Nissan Pathfinder SV FWD,"2025 Nissan Pathfinder SV FWD — 30,479 miles — used — Super Black",https://majorworld.com/inventory/2025-nissan-pathfinder-sv-fwd/,https://assets.cai-media-management.com/resize/640x640/common-vehicle-media/2b159f1f-c73e-49c1-b448-f2ad29df2357.jpg,32888.00 USD,Nissan,used,in_stock,Super Black,"Vehicles & Parts > Vehicles > Motor Vehicles > Cars, Trucks & Vans",SUV,2025,AUTOMATIC
5FNYF6H50NB081806,2022 Honda Pilot EX-L AWD,"2022 Honda Pilot EX-L AWD — 42,473 miles — used — Platinum White Pearl",https://majorworld.com/inventory/2022-honda-pilot-ex-l-awd-2/,https://assets.cai-media-management.com/resize/640x640/common-vehicle-media/06a03ce8-b3ca-423d-a77e-11443ce004d6.jpg,32888.00 USD,Honda,used,in_stock,Platinum White Pearl,"Vehicles & Parts > Vehicles > Motor Vehicles > Cars, Trucks & Vans",SUV,2022,AUTOMATIC
1C4RJHAG8RC683561,2024 Jeep Grand Cherokee Laredo 4WD,"2024 Jeep Grand Cherokee Laredo 4WD — 57,597 miles — used — Diamond Black Crystal Pearlcoat",https://majorworld.com/inventory/2024-jeep-grand-cherokee-laredo-4wd/,https://assets.cai-media-management.com/resize/640x640/common-vehicle-media/de838581-f042-4f7b-8fe6-d1875dfb1c6f.jpg,32888.00 USD,Jeep,used,in_stock,Diamond Black Crystal Pearlcoat,"Vehicles & Parts > Vehicles > Motor Vehicles > Cars, Trucks & Vans",SUV,2024,AUTOMATIC
3GCPDKEK9RG172559,2024 Chevrolet Silverado 1500 LT 4WD,"2024 Chevrolet Silverado 1500 LT 4WD — 41,935 miles — used — Lakeshore Blue Metallic",https://majorworld.com/inventory/2024-chevrolet-silverado-1500-lt-4wd/,https://assets.cai-media-management.com/resize/640x640/common-vehicle-media/330fd726-a13c-4ff9-a44c-b3a8785cf4ce.jpg,32887.00 USD,Chevrolet,used,in_stock,Lakeshore Blue Metallic,"Vehicles & Parts > Vehicles > Motor Vehicles > Cars, Trucks & Vans",PICKUP,2024,AUTOMATIC
2T3H1RFV2SW366189,2025 Toyota RAV4 LE FWD,"2025 Toyota RAV4 LE FWD — 22,247 miles — used — Ruby Flare Pearl",https://majorworld.com/inventory/2025-toyota-rav4-le-fwd/,https://assets.cai-media-management.com/resize/640x640/common-vehicle-media/5d1f40b8-74d8-4528-a156-fb4285b85862.jpg,32800.00 USD,Toyota,used,in_stock,Ruby Flare Pearl,"Vehicles & Parts > Vehicles > Motor Vehicles > Cars, Trucks & Vans",CROSSOVER,2025,AUTOMATIC
JM3KKCHD6R1162032,2024 Mazda CX-90 3.3 Turbo Preferred Plus AWD,"2024 Mazda CX-90 3.3 Turbo Preferred Plus AWD — 26,327 miles — used — Machine Gray Metallic",https://majorworld.com/inventory/2024-mazda-cx-90-3-3-turbo-preferred-plus-awd-5/,https://assets.cai-media-management.com/resize/640x640/common-vehicle-media/d04dce84-30e8-406f-99cb-7bdf90140be6.jpg,32800.00 USD,Mazda,used,in_stock,Machine Gray Metallic,"Vehicles & Parts > Vehicles > Motor Vehicles > Cars, Trucks & Vans",CROSSOVER,2024,AUTOMATIC
1C4RJXN66RW147766,2024 Jeep Wrangler Willys 4xe 4WD,"2024 Jeep Wrangler Willys 4xe 4WD — 29,399 miles — used — Granite Crystal Metallic Clearcoat",https://majorworld.com/inventory/2024-jeep-wrangler-willys-4xe-4wd/,https://assets.cai-media-management.com/resize/640x640/common-vehicle-media/9374ccd7-be98-4367-bf6c-d0ede4d7fa8f.jpg,32800.00 USD,Jeep,used,in_stock,Granite Crystal Metallic Clearcoat,"Vehicles & Parts > Vehicles > Motor Vehicles > Cars, Trucks & Vans",SUV,2024,AUTOMATIC
5GAERCKW2RJ134810,2024 Buick Enclave Premium Group FWD,"2024 Buick Enclave Premium Group FWD — 34,536 miles — used — Summit White",https://majorworld.com/inventory/2024-buick-enclave-premium-group-fwd-3/,https://assets.cai-media-management.com/resize/640x640/common-vehicle-media/a573476f-dabe-4092-8b10-6ee18c52ef68.jpg,32800.00 USD,Buick,used,in_stock,Summit White,"Vehicles & Parts > Vehicles > Motor Vehicles > Cars, Trucks & Vans",SEDAN,2024,AUTOMATIC
JM3KKCHD6R1149569,2024 Mazda CX-90 3.3 Turbo Preferred Plus AWD,"2024 Mazda CX-90 3.3 Turbo Preferred Plus AWD — 36,506 miles — used — Rhodium White Premium",https://majorworld.com/inventory/2024-mazda-cx-90-3-3-turbo-preferred-plus-awd-6/,https://assets.cai-media-management.com/resize/640x640/common-vehicle-media/54873f3a-8020-471f-8071-72408850d478.jpg,32800.00 USD,Mazda,used,in_stock,Rhodium White Premium,"Vehicles & Parts > Vehicles > Motor Vehicles > Cars, Trucks & Vans",CROSSOVER,2024,AUTOMATIC
1C4RJKAG9R8551246,2024 Jeep Grand Cherokee L Laredo 4WD,"2024 Jeep Grand Cherokee L Laredo 4WD — 38,875 miles — used — Baltic Gray Metallic Clearcoat",https://majorworld.com/inventory/2024-jeep-grand-cherokee-l-laredo-4wd/,https://assets.cai-media-management.com/resize/640x640/common-vehicle-media/44691ea9-e61c-4085-86cc-6914dd33af32.jpg,32800.00 USD,Jeep,used,in_stock,Baltic Gray Metallic Clearcoat,"Vehicles & Parts > Vehicles > Motor Vehicles > Cars, Trucks & Vans",SUV,2024,AUTOMATIC
JM3KKCHD7R1133719,2024 Mazda CX-90 3.3 Turbo Preferred Plus AWD,"2024 Mazda CX-90 3.3 Turbo Preferred Plus AWD — 39,458 miles — used — Jet Black Mica",https://majorworld.com/inventory/2024-mazda-cx-90-3-3-turbo-preferred-plus-awd-11/,https://assets.cai-media-management.com/resize/640x640/common-vehicle-media/3837f9a1-4bdd-4d04-8b49-c9d7abca7733.jpg,32800.00 USD,Mazda,used,in_stock,Jet Black Mica,"Vehicles & Parts > Vehicles > Motor Vehicles > Cars, Trucks & Vans",CROSSOVER,2024,AUTOMATIC
5GAERCKW6RJ127293,2024 Buick Enclave Premium Group FWD,"2024 Buick Enclave Premium Group FWD — 41,925 miles — used — Cherry Red Tintcoat",https://majorworld.com/inventory/2024-buick-enclave-premium-group-fwd-7/,https://assets.cai-media-management.com/resize/640x640/common-vehicle-media/ed465928-efa1-4573-8a9c-d93d04c94c05.jpg,32800.00 USD,Buick,used,in_stock,Cherry Red Tintcoat,"Vehicles & Parts > Vehicles > Motor Vehicles > Cars, Trucks & Vans",SEDAN,2024,AUTOMATIC
5UX43DP07R9U54825,2024 BMW X3 sDrive30i RWD,"2024 BMW X3 sDrive30i RWD — 48,992 miles — used — Black Sapphire Metallic",https://majorworld.com/inventory/2024-bmw-x3-sdrive30i-rwd-19/,https://assets.cai-media-management.com/resize/640x640/common-vehicle-media/3572817e-6a33-4226-93e8-d859c214a0c8.jpg,32800.00 USD,BMW,used,in_stock,Black Sapphire Metallic,"Vehicles & Parts > Vehicles > Motor Vehicles > Cars, Trucks & Vans",CROSSOVER,2024,AUTOMATIC
1HGCY2F68RA026416,2024 Honda Accord Hybrid EX-L FWD,"2024 Honda Accord Hybrid EX-L FWD — 15,340 miles — used — Radiant Red Metallic",https://majorworld.com/inventory/2024-honda-accord-hybrid-ex-l-fwd/,https://assets.cai-media-management.com/resize/640x640/common-vehicle-media/385dca7a-3147-4b6c-b3fa-2b6b7c6d80f7.jpg,31995.00 USD,Honda,used,in_stock,Radiant Red Metallic,"Vehicles & Parts > Vehicles > Motor Vehicles > Cars, Trucks & Vans",SEDAN,2024,AUTOMATIC
JM3KKCHD0R1149485,2024 Mazda CX-90 3.3 Turbo Preferred Plus AWD,"2024 Mazda CX-90 3.3 Turbo Preferred Plus AWD — 33,124 miles — used — Machine Gray Metallic",https://majorworld.com/inventory/2024-mazda-cx-90-3-3-turbo-preferred-plus-awd-7/,https://assets.cai-media-management.com/resize/640x640/common-vehicle-media/bb13fd7e-a58a-48a9-9934-873130937b6c.jpg,31995.00 USD,Mazda,used,in_stock,Machine Gray Metallic,"Vehicles & Parts > Vehicles > Motor Vehicles > Cars, Trucks & Vans",CROSSOVER,2024,AUTOMATIC
1GTPUAEK1PZ116509,2023 GMC Sierra 1500 Pro 4WD,"2023 GMC Sierra 1500 Pro 4WD — 58,019 miles — used — Summit White",https://majorworld.com/inventory/2023-gmc-sierra-1500-pro-4wd/,https://assets.cai-media-management.com/resize/640x640/common-vehicle-media/10c91a85-d27c-4aff-8b31-c98cb959ddba.jpg,31887.00 USD,GMC,used,in_stock,Summit White,"Vehicles & Parts > Vehicles > Motor Vehicles > Cars, Trucks & Vans",PICKUP,2023,AUTOMATIC
1HGCY1F46SA016191,2025 Honda Accord SE FWD,"2025 Honda Accord SE FWD — 2,947 miles — used — Platinum White Pearl",https://majorworld.com/inventory/2025-honda-accord-se-fwd-2/,https://assets.cai-media-management.com/resize/640x640/common-vehicle-media/7492b302-6351-485a-873b-7ae0c3da687e.jpg,31800.00 USD,Honda,used,in_stock,Platinum White Pearl,"Vehicles & Parts > Vehicles > Motor Vehicles > Cars, Trucks & Vans",SEDAN,2025,AUTOMATIC
2HKRS4H29SH475313,2025 Honda CR-V LX AWD,"2025 Honda CR-V LX AWD — 28,951 miles — used — Meteorite Gray Metallic",https://majorworld.com/inventory/2025-honda-cr-v-lx-awd/,https://assets.cai-media-management.com/resize/640x640/common-vehicle-media/14ceb64a-d5cb-46bc-bffe-61ef4e19b882.jpg,31800.00 USD,Honda,used,in_stock,Meteorite Gray Metallic,"Vehicles & Parts > Vehicles > Motor Vehicles > Cars, Trucks & Vans",CROSSOVER,2025,AUTOMATIC
2C4RC1BG9SR530037,2025 Chrysler Pacifica Select FWD,"2025 Chrysler Pacifica Select FWD — 33,105 miles — used — Ceramic Gray Clearcoat",https://majorworld.com/inventory/2025-chrysler-pacifica-select-fwd-5/,https://assets.cai-media-management.com/resize/640x640/common-vehicle-media/ce1f6354-a4c8-45d5-9703-0b3241d17e2d.jpg,31800.00 USD,Chrysler,used,in_stock,Ceramic Gray Clearcoat,"Vehicles & Parts > Vehicles > Motor Vehicles > Cars, Trucks & Vans",MINIVAN,2025,AUTOMATIC
JM3KKCHD2R1137998,2024 Mazda CX-90 3.3 Turbo Preferred Plus AWD,"2024 Mazda CX-90 3.3 Turbo Preferred Plus AWD — 36,857 miles — used — Jet Black Mica",https://majorworld.com/inventory/2024-mazda-cx-90-3-3-turbo-preferred-plus-awd-4/,https://assets.cai-media-management.com/resize/640x640/common-vehicle-media/15e0e330-e258-486d-95a1-83818b453dfd.jpg,31800.00 USD,Mazda,used,in_stock,Jet Black Mica,"Vehicles & Parts > Vehicles > Motor Vehicles > Cars, Trucks & Vans",CROSSOVER,2024,AUTOMATIC
W1N4N4GB1SJ634585,2025 Mercedes-Benz GLA GLA 250 FWD,"2025 Mercedes-Benz GLA GLA 250 FWD — 37,546 miles — used — Night Black",https://majorworld.com/inventory/2025-mercedes-benz-gla-gla-250-fwd-2/,https://assets.cai-media-management.com/resize/640x640/common-vehicle-media/0b979982-4376-4243-ba89-7427b88199f2.jpg,31800.00 USD,Mercedes-Benz,used,in_stock,Night Black,"Vehicles & Parts > Vehicles > Motor Vehicles > Cars, Trucks & Vans",SEDAN,2025,AUTOMATIC
5GAERCKW1RJ132935,2024 Buick Enclave Premium Group FWD,"2024 Buick Enclave Premium Group FWD — 40,031 miles — used — Summit White",https://majorworld.com/inventory/2024-buick-enclave-premium-group-fwd-5/,https://assets.cai-media-management.com/resize/640x640/common-vehicle-media/831ad708-84a2-4db5-bb45-1337f650eab8.jpg,31800.00 USD,Buick,used,in_stock,Summit White,"Vehicles & Parts > Vehicles > Motor Vehicles > Cars, Trucks & Vans",SEDAN,2024,AUTOMATIC
JM3KKCHD0R1162205,2024 Mazda CX-90 3.3 Turbo Preferred Plus AWD,"2024 Mazda CX-90 3.3 Turbo Preferred Plus AWD — 41,552 miles — used — Soul Red Crystal Metallic",https://majorworld.com/inventory/2024-mazda-cx-90-3-3-turbo-preferred-plus-awd-8/,https://assets.cai-media-management.com/resize/640x640/common-vehicle-media/ba9c0c5f-a1cb-4115-a427-482e34343d59.jpg,31800.00 USD,Mazda,used,in_stock,Soul Red Crystal Metallic,"Vehicles & Parts > Vehicles > Motor Vehicles > Cars, Trucks & Vans",CROSSOVER,2024,AUTOMATIC
5GAERCKW4RJ137269,2024 Buick Enclave Premium Group FWD,"2024 Buick Enclave Premium Group FWD — 45,452 miles — used — Moonstone Gray Metallic",https://majorworld.com/inventory/2024-buick-enclave-premium-group-fwd-2/,https://assets.cai-media-management.com/resize/640x640/common-vehicle-media/b7f8a0ee-e9b3-4194-be6b-b37cd1f4200a.jpg,31800.00 USD,Buick,used,in_stock,Moonstone Gray Metallic,"Vehicles & Parts > Vehicles > Motor Vehicles > Cars, Trucks & Vans",SEDAN,2024,AUTOMATIC
3VW2T7BU9SM013982,2025 Volkswagen Jetta GLI 2.0T Autobahn FWD,"2025 Volkswagen Jetta GLI 2.0T Autobahn FWD — 10,144 miles — used — Monument Gray",https://majorworld.com/inventory/2025-volkswagen-jetta-gli-2-0t-autobahn-fwd/,https://assets.cai-media-management.com/resize/640x640/common-vehicle-media/bd3a72e5-e202-4461-a493-5ea94c45ab28.jpg,30995.00 USD,Volkswagen,used,in_stock,Monument Gray,"Vehicles & Parts > Vehicles > Motor Vehicles > Cars, Trucks & Vans",SEDAN,2025,AUTOMATIC
4T1DAACK3SU112591,2025 Toyota Camry SE FWD,"2025 Toyota Camry SE FWD — 19,594 miles — used — Reservoir Blue",https://majorworld.com/inventory/2025-toyota-camry-se-fwd/,https://assets.cai-media-management.com/resize/640x640/common-vehicle-media/e872736c-346c-420c-8d90-7d1aaf89e4fd.jpg,30995.00 USD,Toyota,used,in_stock,Reservoir Blue,"Vehicles & Parts > Vehicles > Motor Vehicles > Cars, Trucks & Vans",SEDAN,2025,AUTOMATIC
WBA53AK09R7R53873,2024 BMW 2 Series 228i FWD,"2024 BMW 2 Series 228i FWD — 28,157 miles — used — Brooklyn Gray Metallic",https://majorworld.com/inventory/2024-bmw-2-series-228i-fwd/,https://assets.cai-media-management.com/resize/640x640/common-vehicle-media/3e5f6c09-b6bf-4b7d-a545-abab12e7d91f.jpg,30995.00 USD,BMW,used,in_stock,Brooklyn Gray Metallic,"Vehicles & Parts > Vehicles > Motor Vehicles > Cars, Trucks & Vans",SEDAN,2024,AUTOMATIC
3GNAXHEG6TL310091,2026 Chevrolet Equinox LT FWD,"2026 Chevrolet Equinox LT FWD — 3,035 miles — used — Sterling Gray Metallic",https://majorworld.com/inventory/2026-chevrolet-equinox-lt-fwd/,https://assets.cai-media-management.com/resize/640x640/common-vehicle-media/e7b273fa-db7e-44f3-bb8c-78e9ba13f4a2.jpg,30888.00 USD,Chevrolet,used,in_stock,Sterling Gray Metallic,"Vehicles & Parts > Vehicles > Motor Vehicles > Cars, Trucks & Vans",CROSSOVER,2026,AUTOMATIC
1GCGSBEC2R1133843,2024 Chevrolet Colorado Work Truck RWD,"2024 Chevrolet Colorado Work Truck RWD — 16,728 miles — used — Sand Dune Metallic",https://majorworld.com/inventory/2024-chevrolet-colorado-work-truck-rwd/,https://assets.cai-media-management.com/resize/640x640/common-vehicle-media/0ac85e6b-4eb3-4bc9-83f6-9e0be1f375c6.jpg,30888.00 USD,Chevrolet,used,in_stock,Sand Dune Metallic,"Vehicles & Parts > Vehicles > Motor Vehicles > Cars, Trucks & Vans",PICKUP,2024,AUTOMATIC
2HKRS3H21SH311287,2025 Honda CR-V LX FWD,"2025 Honda CR-V LX FWD — 28,502 miles — used — Meteorite Gray Metallic",https://majorworld.com/inventory/2025-honda-cr-v-lx-fwd-2/,https://assets.cai-media-management.com/resize/640x640/common-vehicle-media/2e71697e-e046-4906-8fc4-70aee7f796b3.jpg,30888.00 USD,Honda,used,in_stock,Meteorite Gray Metallic,"Vehicles & Parts > Vehicles > Motor Vehicles > Cars, Trucks & Vans",CROSSOVER,2025,AUTOMATIC
4JGFB4JB7NA805499,2022 Mercedes-Benz GLE GLE 350 RWD,"2022 Mercedes-Benz GLE GLE 350 RWD — 35,189 miles — used — Black",https://majorworld.com/inventory/2022-mercedes-benz-gle-gle-350-rwd/,https://assets.cai-media-management.com/resize/640x640/common-vehicle-media/c7ad7895-ce0a-40e6-aa0e-aca17d3a88e6.jpg,30888.00 USD,Mercedes-Benz,used,in_stock,Black,"Vehicles & Parts > Vehicles > Motor Vehicles > Cars, Trucks & Vans",SUV,2022,AUTOMATIC
5GAERCKW4RJ126899,2024 Buick Enclave Premium Group FWD,"2024 Buick Enclave Premium Group FWD — 47,472 miles — used — Summit White",https://majorworld.com/inventory/2024-buick-enclave-premium-group-fwd-8/,https://assets.cai-media-management.com/resize/640x640/common-vehicle-media/8c587ece-b0a1-4eaa-af64-0507aa7866d5.jpg,30888.00 USD,Buick,used,in_stock,Summit White,"Vehicles & Parts > Vehicles > Motor Vehicles > Cars, Trucks & Vans",SEDAN,2024,AUTOMATIC
1FMSK7FH0PGB18135,2023 Ford Explorer Limited RWD,"2023 Ford Explorer Limited RWD — 53,312 miles — used — Rapid Red Metallic Tinted Clearcoat",https://majorworld.com/inventory/2023-ford-explorer-limited-rwd/,https://assets.cai-media-management.com/resize/640x640/common-vehicle-media/ddc160ec-4026-48ec-92eb-bbe5b184f66e.jpg,30888.00 USD,Ford,used,in_stock,Rapid Red Metallic Tinted Clearcoat,"Vehicles & Parts > Vehicles > Motor Vehicles > Cars, Trucks & Vans",SUV,2023,AUTOMATIC
